kelime,sıklık
altın,179
zam,75
lira,75
anda,74
gram,71
kira,71
yeni,68
liraya,63
fiyatlar,62
enflasyon,61
fiyatları,56
kurban,52
geçen,50
lir,48
kredi,47
iyi,47
liradan,46
fiyat,45
yüksek,42
olduğu,42
fiyatı,42
başladı,40
düşüş,40
emekli,40
altında,40
tane,39
büyük,38
fazla,38
düşük,37
pahalı,36
para,36
dolar,35
asgari,35
ilk,34
artış,34
yıllık,33
oranı,32
sene,31
başkan,31
erdoğan,31
kilo,31
kartı,31
tam,30
aldım,30
üzerinden,29
milyon,29
nakit,29
temmuz,29
palamut,28
uygun,27
türkiye,27
lazım,27
merkez,27
yükseliş,27
olur,27
kaldı,26
aylık,26
birlikte,25
mesela,24
dikkat,24
özel,23
durum,23
aynı,23
maliye,23
sahipleri,23
ayında,23
milyar,23
bayram,23
değer,23
faiz,23
konut,23
balık,23
yükseldi,22
hiçbir,22
vergi,22
kiracı,22
haber,21
rekor,21
bile,21
olması,21
bakanı,21
geçti,21
memur,21
banka,21
arttı,20
ekonomi,20
başlıyor,20
abi,20
tercih,20
yapılacak,20
maaşı,20
sahibi,20
ceza,20
indirim,19
alışveriş,19
genel,19
hazine,19
verdi,19
düştü,19
bekliyor,19
euro,19
ücret,19
elden,19
durumda,18
allah,18
hayvan,18
karar,18
itibariyle,18
bisiklet,18
ikinci,17
yaklaşık,17
yatırım,17
çeyrek,17
mehmet,17
şimşek,17
aldı,17
tek,17
inşallah,17
maaş,17
sonunda,17
ardından,17
altına,17
önemli,17
çalışma,17
döviz,17
oranında,16
düşünüyorum,16
gidiyor,16
gördü,16
geriledi,16
ödeme,16
sayın,16
liranın,16
artışı,16
yılında,16
normal,15
bence,15
lirayı,15
insanlar,15
geldik,15
bağkur,15
alacak,15
bankası,15
çıktı,15
talep,15
güzel,15
resmi,15
girdi,15
olabilir,14
hareketlilik,14
döndü,14
altının,14
ona,14
ilgili,14
yerini,14
mal,14
küçük,14
kaç,14
aldık,14
ayı,14
uzun,14
ankara,14
ocak,14
çekti,13
dolayı,13
falan,13
isa,13
çıkıyor,13
yarım,13
yılın,13
günler,13
bayağı,13
gözler,13
günlük,13
olduğunu,13
aldınız,13
sayısı,13
seviyesine,13
piyasalar,13
gelir,13
sabit,13
yeniden,13
usta,13
kayıt,13
satış,12
değişiyor,12
ücreti,12
farkı,12
içinde,12
hareketlendi,12
ondan,12
gerçekten,12
alıyorum,12
ortalama,12
haberimizde,12
istanbul,12
hayırlı,12
ladan,12
gerekiyor,12
enflasyonu,12
liralık,12
benim,12
olmaz,12
alım,12
geçiş,12
sonu,12
sosyal,12
kilosu,12
doğum,12
düşüşe,12
olsa,12
kiralık,12
fiyatlarındaki,12
savunma,12
başkanı,11
otomobil,11
almak,11
hareketli,11
söz,11
hangi,11
takip,11
tersine,11
yakın,11
araç,11
doğru,11
türkiyede,11
önceki,11
ekonomik,11
kişi,11
düşünüyoruz,11
parti,11
ucuz,11
ssk,11
gözü,11
yapacak,11
gelen,11
seyirciler,11
hemen,11
tekrar,11
diyelim,11
haftaya,11
alıyor,11
geçtiğimiz,11
sonrası,11
üzerinde,11
yurt,11
yemek,11
olanlar,10
üzerine,10
geri,10
internet,10
piyasa,10
lik,10
sayılı,10
yaptı,10
bakalım,10
baş,10
eski,10
mümkün,10
kaybetti,10
gerçek,10
herhalde,10
zor,10
bankasının,10
kabul,10
orta,10
herkes,10
kanal,10
vallahi,10
sözleşme,10
kuzu,10
seviyesinde,10
fiyatlarında,10
hurma,10
ankarada,10
ücrete,10
itibaren,10
otoyol,10
işlem,10
sert,10
domates,10
tarafında,10
kartla,10
istanbulda,9
gel,9
farklı,9
hayır,9
yapıyor,9
piyasasında,9
konusu,9
satışlar,9
neler,9
fark,9
fiyatlara,9
fiyatların,9
altını,9
oranları,9
inşaat,9
destek,9
kurbanlıklar,9
ayda,9
edilen,9
satıldı,9
alan,9
mücadele,9
buğday,9
saati,9
bilmiyorum,9
rakam,9
enflasyonla,9
arasındaki,9
pazar,9
satılıyor,9
memnun,9
enflasyonun,9
piyasalarda,9
artışın,9
önümüzdeki,9
kök,9
kart,9
süt,8
yükseliyor,8
aynen,8
konuştu,8
başka,8
net,8
dönemde,8
kimse,8
alacağım,8
alırım,8
genelde,8
varsa,8
bazen,8
ticaret,8
bakanlığı,8
yıla,8
boş,8
aracı,8
detaylar,8
buradan,8
ilçe,8
kalıcı,8
olunca,8
büyükbaş,8
ton,8
civarında,8
haziran,8
dolara,8
emeklilerin,8
yönelik,8
tarihi,8
ulaştı,8
sanal,8
artıyor,8
etsin,8
bayramın,8
buldu,8
yaşandı,8
erken,8
haftada,8
tuttu,8
isteyenler,8
bilet,8
ilan,8
pek,8
gördük,8
yana,8
çocuk,8
bütün,8
günü,8
vallah,8
beklentimiz,8
alakalı,8
kırmızı,8
dana,8
öncesi,8
yardımcısı,8
ara,8
yapılması,8
sınırı,8
kiracılar,8
devlet,8
sahiplerinin,8
yazık,8
edildi,8
katkı,8
yürürlüğe,8
cezası,8
uzmanlar,8
milli,8
borcu,8
limiti,8
kısa,8
tezgahlarda,8
kesilecek,8
kararı,8
hamsi,8
karavan,8
mevsimi,7
dondurma,7
açıldı,7
maalesef,7
kolay,7
hale,7
rüzgar,7
ciddi,7
fiyatlarda,7
tarih,7
cevabı,7
trilyon,7
ayakkabı,7
alırken,7
buraya,7
kimi,7
fatih,7
kapalı,7
bakacağız,7
arada,7
istanbulun,7
ila,7
ekonomisi,7
üst,7
bayramı,7
düşmüş,7
haneli,7
ele,7
yaptık,7
zammı,7
demek,7
faiş,7
hızla,7
hızlı,7
olursa,7
kala,7
tye,7
kötü,7
dönem,7
bizi,7
sürecek,7
yüzden,7
sona,7
chp,7
taban,7
vall,7
sürdü,7
ediyoruz,7
evi,7
kendim,7
gereken,7
kesinlikle,7
yönlü,7
süreçte,7
aralığında,7
üstüne,7
edilecek,7
hurması,7
yönetimi,7
payı,7
aralık,7
günlerde,7
attı,7
zamanlarda,7
eğitim,7
vadeli,7
kazanıyor,7
tespit,7
güvenli,7
alınacak,7
online,7
politika,7
ediyorum,7
hizmet,7
düğün,7
kuru,7
market,7
sanayi,7
kış,7
caddesi,7
dondurmanın,6
şeker,6
top,6
topu,6
liraydı,6
tasarruf,6
gündeminde,6
grup,6
dahil,6
gitmek,6
yerine,6
yapıyoruz,6
alıyoruz,6
kırdı,6
yapıyorum,6
sebze,6
yoğun,6
türk,6
politikası,6
dönüyor,6
büyüme,6
istihdam,6
bayramına,6
mecbur,6
kararını,6
yukarı,6
yol,6
başlayan,6
den,6
başladık,6
geride,6
ayın,6
düşmesi,6
sattık,6
haziranda,6
cumhuriyet,6
şart,6
dünyanın,6
pazarlıklar,6
direkt,6
alıcısını,6
hayat,6
dezenflasyon,6
yoktu,6
bitti,6
laya,6
müşteri,6
bekliyoruz,6
tatil,6
otobüs,6
rahat,6
almıştım,6
aya,6
sıkıntı,6
sana,6
şükür,6
özgür,6
akşamlar,6
emekliler,6
emeklilerine,6
gelmedi,6
emeklilere,6
isterse,6
çık,6
vurgusu,6
evde,6
gelişmeler,6
veriyor,6
ayrı,6
alındı,6
düzenleme,6
yapılıyor,6
kaydedildi,6
trendi,6
altındaki,6
olmuyor,6
ana,6
bakan,6
muhtemelen,6
cevap,6
refah,6
ücretle,6
cumhurbaşkanı,6
vatandaş,6
eskiden,6
mağdur,6
sürüyor,6
enflasyondaki,6
rakamlar,6
fahiş,6
oluyordu,6
geliri,6
gazetede,6
köprü,6
ücretleri,6
görebiliriz,6
dijital,6
dışı,6
ayına,6
puan,6
yılı,6
kiralar,6
yılda,6
faizi,6
misiniz,6
kartıyla,6
sipariş,6
dönemi,6
fırsatı,6
fiş,6
amerika,6
trump,6
istiklal,6
yaz,5
gösterdi,5
sezonu,5
artan,5
seneye,5
geçiyor,5
kalan,5
ibb,5
bütçesine,5
piyasası,5
sıfır,5
temmuzdan,5
gelecek,5
güvenlik,5
elektronik,5
birçok,5
lirayla,5
sürekli,5
yerde,5
sultan,5
kar,5
beklentisi,5
edeceğiz,5
büyüdü,5
ekonomide,5
bayrama,5
ayrıntılar,5
başına,5
gözdesi,5
küçükbaş,5
aşağı,5
arz,5
ekonomiye,5
mutlaka,5
seçim,5
gelince,5
mayıs,5
rakamları,5
çevrildi,5
emeklileri,5
değerlendirdi,5
artışla,5
sonrasında,5
şeye,5
baklavanın,5
normalde,5
neredeyse,5
nedeniyle,5
etkiledi,5
olmak,5
azaldı,5
bekleniyor,5
pazarın,5
ağırlığında,5
alıcı,5
erdoğanın,5
enflasyonda,5
anlattı,5
pahalılığı,5
toplam,5
bulduk,5
sıkı,5
araya,5
kişilik,5
fiyatını,5
aşırı,5
bak,5
diyebiliriz,5
şimdiden,5
bakanlık,5
seferler,5
önceden,5
saatlik,5
kuruştan,5
merkezinden,5
karşınızdayız,5
ayrıntılarla,5
alışverişi,5
ödenecek,5
sınırlı,5
fiyata,5
musunuz,5
türkiyenin,5
gününde,5
kesim,5
kesin,5
değişmedi,5
dün,5
genelinde,5
çalışan,5
düşer,5
kurları,5
piyasada,5
güldürdü,5
ons,5
gerçekleşti,5
nedeni,5
çıkacak,5
yıldır,5
peygamber,5
olacağını,5
dışında,5
zammında,5
içerisinde,5
amacı,5
masaya,5
ilginç,5
fırsat,5
kiracıyı,5
üniversite,5
sezon,5
kirayı,5
istiyorum,5
tarafından,5
ücretlerine,5
yükseltildi,5
öğretmen,5
harekete,5
uygulanacak,5
tamamen,5
yapmak,5
duyurdu,5
vadede,5
piyasalardaki,5
aştı,5
ağustos,5
gayrimenkul,5
sonuçta,5
gıda,5
taze,5
kışlık,5
işsizlik,5
fatura,5
üzerindeki,5
ptt,5
olmayacak,5
sever,5
severim,5
bal,5
antalya,5
alanya,5
süper,5
okulların,5
tahmin,5
caddeleri,5
kat,4
havalar,4
fiyatlarımız,4
sebebi,4
elimizdeki,4
bulunmuyor,4
etmek,4
milletin,4
yaklaştı,4
bayiler,4
kampanya,4
araçlarda,4
denk,4
civarı,4
gayet,4
makul,4
araçları,4
arası,4
almaya,4
ürünleri,4
mısınız,4
çoğu,4
şeyi,4
bunları,4
ihtiyacı,4
hepsini,4
internetten,4
zamanlar,4
gece,4
sabah,4
kuyumcu,4
nereden,4
adı,4
çıkabiliyor,4
zirve,4
güçlü,4
büyümeye,4
verilerini,4
böylece,4
çeyrekte,4
hayvanı,4
diyorlar,4
kurbanlıkların,4
yanında,4
pazarlarındaki,4
tamam,4
yaşını,4
doldurmuş,4
yumuşama,4
yakışmaz,4
fiyatlarına,4
yılının,4
başlarda,4
tosun,4
açıklandı,4
zirveyi,4
bazda,4
yansıdı,4
pahalıydı,4
zamla,4
veriler,4
düşecek,4
öte,4
yandan,4
kabine,4
toplantısı,4
açıklamada,4
baklava,4
öncesinde,4
beklenen,4
biliyorsunuz,4
olmazsa,4
biliyoruz,4
görüldü,4
zarar,4
kapış,4
değeri,4
düşüşü,4
satışları,4
güne,4
çadır,4
sırasında,4
kıran,4
hadi,4
razı,4
tanesini,4
bakıyorum,4
başı,4
canlı,4
veriyoruz,4
bey,4
alacağız,4
tlden,4
pazarının,4
programı,4
geçmişte,4
haneye,4
olacaktır,4
teşekkür,4
ederim,4
tutuldu,4
verdim,4
söyleyeyim,4
söyle,4
yaşında,4
yerinde,4
bakıyoruz,4
neye,4
geçmiş,4
verdik,4
adam,4
kuruş,4
yolunu,4
gidiyoruz,4
oraya,4
yoğunluk,4
olmadı,4
katıldı,4
maliyeti,4
maliyet,4
hesaplara,4
saatine,4
sıra,4
şeyler,4
emekliye,4
ekibi,4
izini,4
yayınlandı,4
geldiği,4
bununla,4
geçerli,4
beraber,4
hangisini,4
ortak,4
abim,4
duruma,4
onları,4
eve,4
hele,4
hanım,4
ittifakına,4
demokratları,4
tepki,4
gündeme,4
önünde,4
randevu,4
sahiplerini,4
kalabalık,4
konuda,4
devreye,4
işe,4
annenin,4
anne,4
ettim,4
süre,4
avrupa,4
kademeli,4
azından,4
kiraya,4
yükselişe,4
piyasanın,4
gümüş,4
tarafta,4
trendine,4
değerine,4
yatırımcısının,4
değerli,4
seviyesi,4
sürpriz,4
haftalarda,4
kuşbaşı,4
nedir,4
ettiği,4
alınan,4
yalçın,4
görüşme,4
olacağız,4
çalışanların,4
hükümette,4
süreç,4
mücadeleyi,4
türlü,4
zamlı,4
sgk,4
düzenlemenin,4
insan,4
sahibiyle,4
tüfeğe,4
bahçeli,4
meclis,4
yatırıldı,4
vedat,4
olumlu,4
arkadaşlar,4
konutta,4
bitmesine,4
mahkemelik,4
artacak,4
keyfi,4
kiracılara,4
uygulamanın,4
kara,4
peşin,4
dair,4
sistemi,4
bulmak,4
park,4
noktaları,4
çöp,4
kutusuna,4
kullanıyordu,4
gerekir,4
kiralamak,4
sorunu,4
tıkır,4
istasyonlarda,4
istasyon,4
senedir,4
oturuyorum,4
bisikletlerin,4
söylüyor,4
gelmiş,4
miktar,4
değişim,4
luk,4
önüne,4
sonuç,4
vurguladı,4
cumhurbaşkanlığı,4
göstergeler,4
meclise,4
tüketici,4
galericiler,4
vade,4
bağlı,4
eleman,4
dayandı,4
kazandırıyor,4
haftayı,4
fiyatlama,4
daire,4
ustanın,4
olmasın,4
yakından,4
artışları,4
edevlet,4
kiracının,4
elektrik,4
doğalgaz,4
yapmalı,4
alışverişlerde,4
konu,4
eylülde,4
bölgede,4
başkanlık,4
ihracat,4
üzüm,4
biber,4
eylül,4
çift,4
istikrarı,4
herhangi,4
ödeyecek,4
kaldığı,4
karşıya,4
gezi,4
yükselişler,4
rakı,4
cumhuriyeti,4
kripto,4
stabil,4
afiyet,4
çekme,4
harcama,4
uygulama,4
giyim,4
servis,4
değişti,4
kırıkkale,4
delice,4
üzeri,4
başkanlığında,4
değişiklik,4
demiryolu,4
dengeler,4
satılık,4
ıspanak,4
soğan,4
elveda,4
artışına,4
abd,4
seçimlerinin,4
düşüşler,4
yapacaklar,4
karahan,4
yönü,4
çinekop,4
otur,4
toplantı,4
kirası,3
gösteriyor,3
personel,3
fiyatına,3
temel,3
kiraları,3
oldukça,3
kamuda,3
belediye,3
basın,3
şunu,3
ister,3
yerel,3
kurum,3
haklı,3
hoş,3
bakın,3
almayı,3
yapıyorlar,3
artı,3
imkanı,3
zorunlu,3
noktasına,3
inanılmaz,3
yapar,3
kozmetik,3
kıyafet,3
eşya,3
ikiye,3
malzemeler,3
dışındaki,3
akşam,3
saatleri,3
ediliyor,3
olabiliyor,3
ilçeye,3
semt,3
ortaya,3
geliyorum,3
gezip,3
arıyor,3
mahalle,3
fiyatlarını,3
burası,3
altınımız,3
çarşı,3
çarşıda,3
kuyumcularda,3
ucuza,3
satıyoruz,3
serbest,3
bileziğin,3
çeyreğinde,3
işliyor,3
sektörü,3
bilgi,3
nelere,3
etmeliyiz,3
hayvanlar,3
hayvanımız,3
pazardaki,3
kurbanlık,3
gider,3
pay,3
vermek,3
filan,3
artmış,3
olmasına,3
hayvanın,3
olduğuna,3
başlar,3
konuşmasında,3
sürecine,3
hedefini,3
sorununu,3
istiyorlar,3
pazarlık,3
yükselen,3
yla,3
noktayı,3
açıklanan,3
bunların,3
emeklilerinin,3
ydi,3
emeklisi,3
dış,3
ikramiyeleri,3
hesaplarına,3
bereket,3
emek,3
girecek,3
sizin,3
fıstığa,3
sattığımız,3
rağmen,3
hepimiz,3
olduğumuz,3
yemiş,3
elbette,3
zamlandı,3
kontrol,3
kazanç,3
bekleniyordu,3
getirdi,3
varan,3
başlandı,3
döneminde,3
paranın,3
firmalar,3
alanlar,3
yapacaklarını,3
ilgi,3
yere,3
dünyada,3
almıştı,3
köprüsü,3
kırana,3
yaşanıyor,3
onlardan,3
bütçeye,3
gelinen,3
önceliğimiz,3
dönemin,3
düşürmek,3
yineledi,3
kurbanını,3
çalışıyor,3
dedim,3
kapattık,3
yolu,3
yerleri,3
durmuyor,3
bakıyor,3
başta,3
tarafı,3
dört,3
birden,3
pazarında,3
hız,3
dan,3
şurada,3
hareket,3
and,3
kiloya,3
zamanda,3
doldu,3
gidiyorum,3
tekirdağdan,3
gidiyorsun,3
hal,3
erkenden,3
bulabildiniz,3
firma,3
beklediği,3
eleştirdi,3
zorunda,3
yapacağını,3
yeri,3
verilecek,3
kapsamında,3
şehirlerarası,3
getirildi,3
baz,3
uygulaması,3
fiyattan,3
yaparız,3
anayasa,3
besiciler,3
bunda,3
pazarda,3
yüzleri,3
bayramının,3
hızlandı,3
satıp,3
malımız,3
oğlu,3
eder,3
evden,3
düşünmüyorum,3
olmasını,3
istedi,3
ilişkin,3
küresel,3
satılan,3
düşmesini,3
sakin,3
gitti,3
ortam,3
birinci,3
zamandan,3
azalan,3
alarm,3
verilen,3
izni,3
ediyorlar,3
kullanıldığı,3
takdirde,3
durumu,3
devirde,3
artırılması,3
masada,3
ikiz,3
kirada,3
kişinin,3
dediği,3
piyasaya,3
haliyle,3
sonraki,3
aylarında,3
yüzünü,3
düşmeye,3
ayından,3
sefer,3
günleri,3
yüzü,3
etin,3
uzmanlara,3
önlemek,3
işine,3
kıyasla,3
dediğimiz,3
trafik,3
kuruldu,3
halk,3
karatepe,3
sözü,3
zamdan,3
tarım,3
vergide,3
paylaştı,3
ettik,3
artışa,3
kapıya,3
getirilen,3
bakanlığın,3
sorusuna,3
göz,3
olmalı,3
yeter,3
istekleri,3
düzenli,3
yapılmalı,3
beklenti,3
çalışıyoruz,3
esas,3
tutmak,3
verilere,3
enflasyonunun,3
bitiyor,3
kiracıları,3
kiracıların,3
sanırım,3
etkileyecek,3
formül,3
sevindirdi,3
söylüyorum,3
konuları,3
cumhur,3
buyurun,3
merak,3
ilerleyen,3
ihtimalle,3
soralım,3
savaş,3
bulacak,3
işler,3
kir,3
alıyorsunuz,3
kirasını,3
gerek,3
kaldırıldı,3
ekleniyor,3
noterden,3
ebike,3
projesi,3
isbike,3
kullanıyorum,3
işim,3
sağlamak,3
hayatımıza,3
kişiler,3
bisikletini,3
gücüne,3
gözükmüyor,3
yapılmamış,3
doğrultusunda,3
yaşanmadı,3
geçmişti,3
belirlendi,3
avantajlı,3
bugüne,3
artacağını,3
işaret,3
maaşının,3
başlattı,3
talimat,3
maaşına,3
lük,3
hedefleniyor,3
vermeye,3
vurgulandı,3
süredir,3
bakım,3
kaldırılmıştı,3
talip,3
bankacıdan,3
raporun,3
kaynakçılar,3
gelsin,3
gidip,3
anlık,3
ilgilendiren,3
ağustosta,3
çıkarıldı,3
grubunda,3
bugünden,3
üzere,3
köprüsünden,3
otomobiller,3
izmir,3
rekorlar,3
liman,3
görüyor,3
krizi,3
ustaların,3
dudak,3
istiyor,3
önlenecek,3
göze,3
vergisini,3
ülke,3
kararla,3
dışından,3
türkiyeden,3
mantıklı,3
karşılayacak,3
yönetimini,3
negatif,3
meyveler,3
fasulye,3
evlilik,3
deprem,3
oran,3
cevdet,3
yılmaz,3
ten,3
azalarak,3
haftalık,3
dar,3
gelirli,3
maliyetine,3
gaz,3
düzenlemede,3
tahsil,3
zorunluluğu,3
gelmesi,3
usulsüzlük,3
örneğin,3
vermem,3
işletmeler,3
bankaları,3
kazandı,3
baktığınız,3
hitap,3
yaşam,3
piyasayı,3
deniz,3
bol,3
havaların,3
ver,3
ikisini,3
balığı,3
hamsinin,3
mobil,3
lüks,3
kalite,3
içindeyiz,3
masası,3
kullanmıyorum,3
kartlı,3
çay,3
kullanmak,3
teslim,3
memurları,3
tutarı,3
teknoloji,3
parayı,3
verdiğini,3
servisçiler,3
kalacak,3
otoyolu,3
uraloğlu,3
olanlardan,3
kesinti,3
noktada,3
kanun,3
teklifi,3
etmeye,3
ekim,3
toplandı,3
kurul,3
toplantıda,3
kullanılacak,3
dükkan,3
kurlarında,3
fiyatlarının,3
evler,3
tespitte,3
salatalık,3
nar,3
veliler,3
okullar,3
donald,3
trumpın,3
fedin,3
seviyesinin,3
tamamlayabiliriz,3
pozitif,3
yavaş,3
sarı,3
palamuta,3
kapatan,3
düşüşle,3
jeopolitik,3
etkili,3
seviyesindeydi,3
kontrat,3
kurumundan,3
etinde,3
kiraların,3
ilçeler,3
listede,3
kadıköy,3
bugünkü,3
tadını,2
kaçırdı,2
cep,2
istanbuldaki,2
farklılık,2
bölgelerde,2
esnafı,2
yapabilmek,2
belirledi,2
elimdeki,2
yapabiliriz,2
giderler,2
ilçede,2
yansıyor,2
öncelikle,2
eyüp,2
sayıştayın,2
kuruluş,2
yıldönümünde,2
uyardı,2
hedefinde,2
bütçesinden,2
romaya,2
turu,2
ayakta,2
başlatılan,2
savurganlık,2
bulundu,2
isterim,2
olamaz,2
kamu,2
chpli,2
atamalarıyla,2
kişisel,2
çoluk,2
reklam,2
isteyen,2
sizi,2
ilgilendiriyor,2
gelirse,2
durgun,2
olmasından,2
günlerini,2
yaşıyor,2
satmak,2
getirmiş,2
araçların,2
alınması,2
paket,2
otomatik,2
nokta,2
durma,2
gelme,2
derecede,2
rakamlarda,2
geldim,2
bandında,2
kırdık,2
evin,2
okul,2
mutfak,2
katlandı,2
makyaj,2
şeyleri,2
bildiğim,2
alışverişimi,2
alışverişler,2
meyvelerde,2
yaşındaki,2
ali,2
uygulamalar,2
ter,2
halkının,2
geleneksel,2
ilçeden,2
bulabiliyor,2
yaptığımız,2
gazi,2
bayrampaşada,2
ayar,2
esnafa,2
bizden,2
tedarik,2
sebebiyle,2
amacıyla,2
istediği,2
şeylerde,2
ekonomiden,2
sektörünün,2
çarklar,2
program,2
kurumu,2
kaydetti,2
üste,2
büyümüş,2
izledi,2
dönemine,2
ilave,2
dengelenme,2
edeceğini,2
vatandaşın,2
mesajı,2
istanbula,2
giriş,2
hisse,2
düşüyor,2
bismillah,2
paşa,2
olaraksa,2
vereceğiz,2
yapalım,2
bütçemiz,2
bilmiyoruz,2
etmeli,2
kuyruk,2
etmemiz,2
açtığımızda,2
çıkmış,2
siyasette,2
değindi,2
verilmesi,2
projenin,2
etse,2
sahip,2
çözeceğiz,2
oranlarını,2
koymak,2
maşallah,2
yetmiyor,2
kötüsü,2
temmuzdaki,2
netleşmeye,2
mayısta,2
başlayacağı,2
şampiyonu,2
pazara,2
mevsim,2
geçişi,2
patlıcan,2
yerli,2
amasya,2
verilerinde,2
alacakları,2
düşüşün,2
artıya,2
rezerv,2
dolarlık,2
versin,2
takvimi,2
ikramiyesi,2
sandığı,2
yatacak,2
cebime,2
cebe,2
eroğan,2
petrol,2
rekorunu,2
yeşil,2
antep,2
isyan,2
baklavaya,2
üreticileri,2
fıstık,2
hesap,2
öncesine,2
önü,2
alınamıyor,2
maliyetleri,2
dahi,2
hala,2
edilmesi,2
metaverse,2
zararı,2
saraylar,2
arsa,2
buralarda,2
başladılar,2
dünyadaki,2
düşmesiyle,2
yalılar,2
karış,2
parsel,2
metav,2
satın,2
bizde,2
şehitler,2
patates,2
bölge,2
doları,2
yönünde,2
yaklaştıkça,2
pazarlarında,2
alıcılar,2
henüz,2
alacaksın,2
aralığı,2
civarda,2
yaklaşmasıyla,2
satışa,2
koç,2
satışlarımız,2
sürü,2
ağırlığındaki,2
ihracatçılar,2
döneme,2
indirdi,2
aktörü,2
sürecin,2
yükselecektir,2
beğendiniz,2
anlaşacağız,2
kardeşim,2
anlaşır,2
geldiniz,2
dakikada,2
eller,2
senin,2
yap,2
erkek,2
hayvanlarda,2
gözde,2
getirdik,2
istiyoruz,2
ufak,2
kurbanlığı,2
bulmanın,2
ayrıca,2
taşıyor,2
yoğunluğu,2
verildi,2
hay,2
satık,2
gündüz,2
indirime,2
satmış,2
getirdim,2
sattım,2
büyüğü,2
şampiyon,2
fiyatıyla,2
alanlara,2
otobüsler,2
genelgesiyle,2
konuldu,2
zonguldak,2
yolculuk,2
nişan,2
hareketliliği,2
vakit,2
biletler,2
çağı,2
biletlerimizi,2
kalanlar,2
katına,2
eskiye,2
buç,2
nasıldı,2
telaşı,2
edirneden,2
araçlarımız,2
rahatlık,2
izmirde,2
keşkek,2
verdiler,2
sonuna,2
ikramiyeler,2
yatmaya,2
başlıyoruz,2
torunlar,2
ikramiye,2
söyleyim,2
yatırsın,2
tabi,2
eşim,2
yanı,2
sporcular,2
gören,2
görüyorum,2
almadan,2
başladım,2
gideceğim,2
indirimin,2
ulaştırmadan,2
tebligat,2
başlayacağız,2
yasalaşması,2
biletinde,2
uğradı,2
dediler,2
martta,2
genelgeye,2
uymuyor,2
tavan,2
uyguluyoruz,2
yasal,2
olmı,2
laım,2
indirimli,2
göstermesi,2
toplumsal,2
sürecinin,2
gerektiğini,2
mücadelenin,2
sürdüğünü,2
istanbuldan,2
sırasıyla,2
yapacağız,2
baştan,2
etken,2
baksana,2
gülüyor,2
dönmek,2
ederiz,2
hayvanlarını,2
işi,2
evvel,2
sayıyor,2
halkı,2
çiftçilere,2
seslendi,2
dönüşü,2
yaşanan,2
gündemindeydi,2
indireceğiz,2
olmazı,2
yerlerde,2
kurbanlarını,2
fiyatın,2
bekleyenler,2
kurbanımızı,2
alamayan,2
vatandaşlar,2
gelerek,2
parça,2
haline,2
etler,2
dolaba,2
elde,2
ikin,2
grubu,2
birazcık,2
iyidir,2
dönüş,2
çıkışın,2
annelere,2
hazırlıkları,2
gündemde,2
dünya,2
hazırlıklar,2
anneye,2
hak,2
arkadaşlarımız,2
izin,2
bebeğin,2
emanet,2
değerlendiriyorsunuz,2
kendisini,2
alması,2
yeterli,2
doğumdan,2
bakıp,2
maaşta,2
gerekli,2
destekler,2
hazırlığı,2
aile,2
yürütüyor,2
dolarda,2
nabzı,2
hareketler,2
edebilir,2
karıştı,2
zirvesine,2
katan,2
haftayla,2
değerlenen,2
hareketlerin,2
süreçlerde,2
gümüşün,2
fiyatında,2
beklentim,2
kurunda,2
ette,2
yediğimiz,2
alırsa,2
müşterinin,2
güldü,2
oluruz,2
artışını,2
dengesi,2
kasaplarda,2
indirimi,2
diy,2
bekliyorum,2
süleyman,2
kendisi,2
medine,2
mebrum,2
çeşidi,2
diğerlerine,2
nedenle,2
ideal,2
acve,2
demir,2
edersek,2
ağırladı,2
beklenenden,2
dakika,2
konular,2
konuğunu,2
karşıladı,2
kurmayları,2
aylıklarına,2
adalet,2
reel,2
anlamda,2
açıklama,2
biliyor,2
bildiği,2
hamza,2
bulundurursak,2
seviyesini,2
baksan,2
senede,2
eskisi,2
geçim,2
olmayacağını,2
sebep,2
noktasında,2
yapsınlar,2
yapsanız,2
emeklisine,2
artışında,2
kriter,2
kadardı,2
kalkacak,2
düşünüyorsunuz,2
eri,2
uymadı,2
sahibiniz,2
işleri,2
erecek,2
kalkması,2
geriden,2
kiralayan,2
sorun,2
ücrette,2
beri,2
tüfe,2
aylarda,2
enflasyona,2
oturuyor,2
şehrin,2
yapısı,2
mesajlarını,2
grubundan,2
külliye,2
görüşerek,2
gündemimizi,2
detaylıca,2
hamleler,2
zirvede,2
kararlılık,2
plana,2
siyasetteki,2
çabaları,2
masadayım,2
arayışları,2
terörle,2
gündemdeki,2
soruya,2
işık,2
yapılıp,2
yapılmayacağı,2
göstergelerdeki,2
iyileşmeye,2
maaşlarını,2
farkıyla,2
uygulamasının,2
olmuştu,2
görünüyor,2
sözleşmelerine,2
maddeler,2
eklemeye,2
talebi,2
getirebilen,2
artışlardan,2
rahatsızız,2
kontratlarına,2
çevirirler,2
tepler,2
kiracım,2
ilişkiniz,2
sıkıntılı,2
eziliyor,2
kiracılarla,2
baskılayan,2
taleplerine,2
eklerken,2
düşünüyor,2
zamlarına,2
sınırlamanın,2
tersi,2
kiracılarını,2
çıkartmaya,2
adım,2
düğünlerin,2
tarihlerin,2
başlangıcı,2
evlenecekler,2
arıyorlar,2
ağustosun,2
inden,2
sinden,2
öğrencilerinin,2
geleceği,2
karışık,2
alabilir,2
nisanda,2
kiral,2
ödesin,2
ödemesine,2
düşüncesindeyim,2
sözleşmeleri,2
sayfa,2
olurken,2
talepleri,2
sayfaya,2
taleplerden,2
çekicisi,2
istemeleri,2
çıkacakların,2
taahütname,2
rafa,2
sözleşmelere,2
maddesi,2
dolmadan,2
önden,2
taahhütname,2
oranlarına,2
yapılacaktır,2
tercihlerini,2
duymaya,2
oturduğu,2
bakınca,2
girenlerde,2
belirsizliği,2
sorunun,2
sağlıklı,2
ulaşımına,2
çevreci,2
çözüm,2
getirmek,2
sokulmuştu,2
rağbet,2
tarifeye,2
çocuklarım,2
geziyorduk,2
merterde,2
olurdu,2
anlamıyorum,2
masraf,2
bisikleti,2
eli,2
acılı,2
anında,2
alıyorsun,2
çevreye,2
hayatımızı,2
kolaylaştırmak,2
girmişti,2
akıllı,2
kiralama,2
spike,2
otomatlardan,2
kiralayıp,2
istasyonlardan,2
millet,2
gidiyordu,2
sahillere,2
sokaklara,2
caddelere,2
yerleştirilen,2
dönemlerde,2
seneden,2
bisikletlik,2
paylaşımlı,2
sahillerde,2
istasyonları,2
boşalttı,2
zamanki,2
metrobüsler,2
bozuk,2
oysa,2
yatırımlar,2
denetlenmiyor,2
büyükşehir,2
belediyesinin,2
çağrı,2
merkezini,2
arayacağız,2
sorularımızı,2
yönelteceği,2
duyuru,2
aktifleş,2
sizlere,2
sağlayamıyorum,2
inandırıcı,2
bakımda,2
dönüştürülmüş,2
parkların,2
otomat,2
sistemleri,2
bakımsızlıktan,2
görüyorsunuz,2
ekran,2
çatlamış,2
kırılmış,2
dokunduğumuzda,2
dökülüyor,2
tozdan,2
çamurdan,2
geçilmiyor,2
tarife,2
yürürlükte,2
kararında,2
beklentiler,2
etkisi,2
hedef,2
zamları,2
emeklinin,2
temmuzda,2
netleşecek,2
emeklisinin,2
zamı,2
hesaplanıyor,2
memurun,2
satışlarında,2
uygulanan,2
sınırlandırılması,2
güncellendi,2
bun,2
esnaf,2
yapamıyorum,2
kurala,2
müşteriyle,2
düzenlemeyle,2
idari,2
artırılacak,2
gök,2
yararlanamadı,2
maaşınız,2
rakamın,2
vatandaşlarımız,2
yetmez,2
sunulacak,2
nato,2
kurmaylarına,2
detayları,2
erdoğana,2
torba,2
meclisten,2
düştüğünü,2
külliyede,2
mhp,2
bahçeliyi,2
lider,2
sunulan,2
soru,2
fırsata,2
çekiyor,2
kredisinin,2
şartlar,2
senetli,2
kredisi,2
senetle,2
yarı,2
yarıya,2
düşen,2
araba,2
seni,2
mecbu,2
adına,2
sunuyor,2
peşinatla,2
senet,2
ödeyeceğiz,2
devri,2
ödediği,2
miktarda,2
kaynakçı,2
yetişmemesi,2
bankacılardan,2
deneyimli,2
bulmakta,2
zorlanıyor,2
politikasını,2
kaynak,2
minimum,2
milyonlarca,2
yatırılacak,2
giren,2
toplantısında,2
seferber,2
edildiğini,2
farkındayım,2
duyuyorum,2
çözmek,2
seviyelere,2
istiyorsanız,2
belediyelerin,2
yavuz,2
selim,2
otoyolunun,2
ticari,2
otoyollara,2
yükselişle,2
gelebilir,2
belirgin,2
yıldan,2
rekorla,2
ortamda,2
kurlarını,2
beklentisine,2
baktığımızda,2
ustalar,2
randevuyla,2
geçtik,2
şansımız,2
kazancı,2
tecrübeli,2
geldiğimiz,2
gösteriyorlar,2
doğu,2
akdeniz,2
bulunan,2
kalıyor,2
kiralardaki,2
bilgilerini,2
kontratı,2
edevletten,2
yanına,2
çıkar,2
sahibinin,2
uygulamayla,2
geçilecek,2
detaylarını,2
beyan,2
limit,2
değişikliği,2
birliği,2
ülkelerden,2
ürünlerdeki,2
yurtdışı,2
almış,2
gümrük,2
arttırıldı,2
doğrudan,2
ürünlerde,2
tüketimi,2
artırmak,2
amaç,2
üzer,2
dışına,2
mecburen,2
kargo,2
mısır,2
beştepede,2
işbirliği,2
hacmi,2
sürede,2
rekoru,2
kırıldı,2
verileri,2
ihracatı,2
eğitiminde,2
umarım,2
lan,2
satıyorduk,2
bıraktı,2
almışız,2
rakamlarıyla,2
gerekiyordu,2
verilmeye,2
başlamıştı,2
uygulamaya,2
hesaba,2
parayla,2
başında,2
gelirin,2
ücretten,2
olmaması,2
verdiği,2
insanların,2
gençlik,2
karşılanıyor,2
ekonominin,2
haritası,2
büyümeyi,2
çekildi,2
açık,2
kur,2
piyasadaki,2
edilenlerin,2
üretim,2
işsiz,2
artarak,2
katılım,2
yaş,2
süresi,2
halen,2
kes,2
elektrikli,2
kullanan,2
lık,2
sahiplerine,2
kaçağının,2
aşan,2
alımlarında,2
saçma,2
eksik,2
parasını,2
sahibine,2
tarafa,2
kesilmiş,2
kirasının,2
takım,2
beşer,2
lirasını,2
hesabından,2
aldığı,2
cezayla,2
zorlar,2
yatıracak,2
vergilerin,2
tüketiciler,2
olayları,2
özelin,2
özür,2
olaylarının,2
türkiyeye,2
taşınması,2
ettiğimizde,2
zamanların,2
alayım,2
satılıyordu,2
beklediğimiz,2
euronun,2
iktidara,2
marmara,2
biçimine,2
müdahale,2
bahsediyoruz,2
gelirimiz,2
trilyonu,2
geçmesi,2
bandı,2
balıkçılar,2
denizde,2
erdi,2
geliyordu,2
olduğunda,2
palamutun,2
miktarı,2
barbun,2
çıktığı,2
balıklar,2
diyorsunuz,2
modeller,2
konforlu,2
minimal,2
milyona,2
ürün,2
fuarda,2
karavanları,2
çıkardı,2
döküm,2
kullanıyoruz,2
fuarın,2
uçuklattı,2
karavanda,2
çocuklar,2
düşünülmüş,2
mutfağı,2
tuvaleti,2
banyosu,2
ödemeler,2
gerçekleştiriliyor,2
azalıyor,2
ödüyorsunuz,2
veririm,2
milyonu,2
istemiyorum,2
temassız,2
bireysel,2
kullanımının,2
siparişi,2
sebeplerinden,2
restoranlardaki,2
avantaj,2
güvenmiyorum,2
restoranta,2
onlineda,2
git,2
istemiyor,2
yalnızca,2
haberimiz,2
olacaklarla,2
olacaklar,2
yapıldığını,2
listenin,2
alışverişleri,2
marketlerde,2
trilyona,2
dönemleri,2
gıdada,2
harcanıyor,2
telefon,2
servisi,2
tedbirleri,2
memursen,2
yaptıkları,2
başkanlığının,2
maddi,2
şehir,2
inşa,2
edecektir,2
ulaştırma,2
altyapı,2
iptal,2
tarihinde,2
seve,2
ayının,2
sanayine,2
işlemlerinde,2
işlemlerde,2
gene,2
idaresi,2
güler,2
veren,2
tebliği,2
yerlerinin,2
almadım,2
bilecek,2
uymayan,2
tutarının,2
mülk,2
bildirirse,2
yatırımcı,2
arabası,2
satışı,2
piyasaların,2
kurulu,2
sürecini,2
değiştirilmedi,2
faizinde,2
aydan,2
kararlılıkla,2
denildi,2
yankı,2
süren,2
sporcunun,2
incelendi,2
ligdeki,2
futbolcuların,2
kayıtlarda,2
ligde,2
oynayan,2
futbolcu,2
ligi,2
onların,2
alsın,2
buluyor,2
gösteriliyor,2
federasyonuna,2
kartım,2
yapacağım,2
kurallara,2
konusunda,2
budapeşte,2
yük,2
treni,2
bilmiyor,2
ald,2
ler,2
hızı,2
yıllara,2
dairemiz,2
yükselmesi,2
olacağı,2
dairenin,2
yükselir,2
evlerde,2
milyonluk,2
seviyelerine,2
fiyatlardaki,2
alımı,2
almayana,2
fişe,2
gördüğüm,2
almayanlara,2
atın,2
durumunda,2
tezgahlarında,2
meyveleri,2
tezgahlarındaki,2
valla,2
pırasa,2
brokoli,2
havuç,2
mevsiminin,2
vitamini,2
deposu,2
mandalinanın,2
bakacak,2
olursak,2
kilogram,2
gördüm,2
patatesle,2
yediği,2
yumurta,2
kasım,2
gelişmeleri,2
dönemini,2
döneminden,2
fiyatlarla,2
zamlar,2
bulunduğumuz,2
birleşik,2
devletlerindeki,2
seçimi,2
çevirdi,2
altınsa,2
seçimleri,2
geçici,2
ortamlarda,2
düşüşte,2
dalgalanmalar,2
boyunca,2
olmuştur,2
düşüşlerin,2
iyimser,2
piyasaları,2
yatay,2
kazanmasını,2
yönde,2
konutun,2
murat,2
mecliste,2
çıkış,2
bölgesi,2
kanat,2
sarıkanat,2
tezgahları,2
tezgahlara,2
tanesi,2
yiyorum,2
istemişti,2
iyice,2
veda,2
seçildi,2
eriyor,2
ulaşan,2
kaybı,2
değerlendirmeli,2
yatırımcısı,2
ortalık,2
şikayetçi,2
gitmesi,2
kırarken,2
okun,2
planlayanlar,2
olmadığı,2
açıklaması,2
eti,2
kasaplara,2
karşılaştırıyoruz,2
kuzuda,2
kuzuya,2
kıyma,2
arnavut,2
köy,2
mezun,2
ödeyemiyor,2
problem,2
yerleşim,2
artması,2
ödeyen,2
zorlanıyoruz,2
ederken,2
mustafa,2
başlık,2
kulağı,2
haftasında,2
maaşları,2
bakanından,2
bedelleriyle,2
dükkanlar,2
yatırımcının,2
haberleri,2
gerilemişti,2
bazında,2
kendini,1
ısındı,1
senye,1
yaaz,1
serin,1
etmeyecek,1
yakacak,1
dondurmaya,1
bağı,1
bağlandığı,1
pahalandı,1
etrafımızdaki,1
zamlara,1
oranla,1
semtlere,1
turistik,1
artınca,1
ortaköy,1
menü,1
senenin,1
kaldırdık,1
pahalıya,1
boy,1
meyanı,1
zamda,1
fiyatımız,1
işletme,1
maliyetler,1
katlandıkça,1
katlanıyor,1
potansiyeli,1
semtler,1
beşiktaşta,1
değişirken,1
sultanda,1
değiştirmedi,1
değiştirmedik,1
seferberliğine,1
savurganlığı,1
düzenleyen,1
ekrem,1
imamoğlu,1
üreterek,1
çalışarak,1
didin,1
ülkeyiz,1
milletiz,1
imkanları,1
verimli,1
etkin,1
değerlendirmekten,1
seçeneğimiz,1
seferberliğini,1
hatırlattığı,1
uyarısında,1
merkezi,1
idare,1
yönetim,1
vergilerini,1
harcayan,1
insanımızın,1
yüreğini,1
sızlatacak,1
harcamalarını,1
denetleyen,1
belediyelerdeki,1
kısım,1
akraba,1
atamaları,1
dost,1
hısım,1
imkanlarının,1
amaçlar,1
kullanıldığını,1
üzülerek,1
görüyoruz,1
imamoğlunun,1
gazeteciyi,1
götürdüğünü,1
hatırlattı,1
kusura,1
bakmasın,1
cebinden,1
mensuplarına,1
uçakla,1
roma,1
yaptırmanın,1
gerekçesi,1
çocuğunun,1
rızkından,1
keserek,1
oluşturduğu,1
kıt,1
kaynakların,1
birilerinin,1
şahsi,1
dönüşmesini,1
karşılam,1
sayıda,1
vatandaşımız,1
yasası,1
durdu,1
sıır,1
varmış,1
bütçeniz,1
satışların,1
stoklarındaki,1
indirimine,1
finanslar,1
salladık,1
sunuyorlar,1
ellerindeki,1
cazibeli,1
üretilecek,1
özellikler,1
görüş,1
kamerası,1
şerit,1
yaya,1
algılayıcı,1
kör,1
paketlerine,1
bayilerle,1
odaklı,1
aydır,1
yaprak,1
kımıldamıyor,1
ikinciel,1
dip,1
diyebileceğimiz,1
bütçeme,1
vurulsam,1
bütçem,1
mağazalara,1
eticarette,1
harcadık,1
alırsınız,1
galiba,1
çocukların,1
ihtiyacından,1
malzemelerinden,1
eticaret,1
eticaretin,1
fotoğrafını,1
takı,1
mağazalarda,1
stokları,1
kıyafetleri,1
almamama,1
elbise,1
fondaten,1
malzemesi,1
interneti,1
kullanırım,1
olduğum,1
yaparım,1
devin,1
tamamını,1
markaları,1
oradan,1
rutin,1
yapılırken,1
telefonu,1
sektörlerinin,1
şampiyonları,1
eticar,1
harcamayı,1
yaptığınız,1
dilimi,1
çalıştığım,1
müsait,1
olursam,1
uyandıysan,1
değişken,1
değişmeyen,1
kuyumcudan,1
kuyumcuya,1
dolaşıp,1
bakar,1
takar,1
mısın,1
paketle,1
tanıdı,1
kuyumcusunda,1
şaşmıyor,1
semtlerde,1
osman,1
paşada,1
öğrenebilir,1
miyiz,1
kuyumculardaki,1
gaziosmanpaşaya,1
çeyreğin,1
yarımın,1
tamın,1
bayrampaşadaki,1
ilçelere,1
aşağıda,1
altınd,1
alışverişinin,1
kalbi,1
kalbinin,1
attığı,1
çarşıdayım,1
semtteki,1
kuyumculara,1
sent,1
kuyumcuları,1
satıyor,1
merkeziyiz,1
kuyumcusu,1
ürününü,1
edeceksin,1
dükkanın,1
rekabet,1
verdiğinden,1
ucuzu,1
ilçelerinde,1
çarşıya,1
ilçelerde,1
caddedeki,1
herkesin,1
atabilir,1
bileziklerde,1
kolyede,1
küpede,1
farkına,1
çokça,1
rastlayabilirsiniz,1
ajda,1
bilezik,1
gramlık,1
pırlantayı,1
yüzüktür,1
küpeyi,1
tarz,1
işçilik,1
onlardaki,1
arm,1
harcı,1
haberle,1
büyümede,1
istatistik,1
çeyrektir,1
performansı,1
artışta,1
büyüyen,1
sektör,1
ünü,1
iletişim,1
faaliyetleriyle,1
hizmetleri,1
sağladı,1
refahını,1
arttıracağız,1
haberlerimiz,1
geçeceğiz,1
denetimden,1
eylesin,1
eyin,1
binlerce,1
sağlık,1
kontrolünden,1
pazarlardaki,1
kırşehirden,1
mübarek,1
çoğaldı,1
kaba,1
diğerler,1
aldığın,1
verip,1
kesecek,1
kadardır,1
kesize,1
sebet,1
gireceğiz,1
çadırlarının,1
görmüş,1
olduğunuz,1
koyuna,1
döndük,1
üzereyiz,1
bütçemize,1
görüşün,1
besil,1
ayağı,1
durabildiği,1
kulak,1
buynuz,1
ekstremitelerin,1
ağzını,1
kesici,1
dişlerinin,1
ortada,1
dişin,1
gördüğünüz,1
kavgalara,1
çağrısında,1
siyaseti,1
iktidar,1
muhalefet,1
kayıkçı,1
kavgasına,1
dönüştürme,1
gayretlerinin,1
kimseye,1
dokunmaz,1
yöntemlerimiz,1
muhalefetin,1
hedeflere,1
yürekten,1
inanıyorum,1
tekrarladı,1
yakacağız,1
geşte,1
başaracağız,1
mart,1
sonuçlarının,1
alındığı,1
kampta,1
teşkilatını,1
emanete,1
ihanet,1
rehavete,1
kapılmak,1
kibirlenmek,1
yeryüzünde,1
büyüklenmek,1
halkımızla,1
aramıza,1
duvarlar,1
örmek,1
mesafe,1
söylenmez,1
alamıyorum,1
gücüm,1
birane,1
kaçtan,1
indik,1
indirdik,1
inmişsin,1
bayramlar,1
beklendiği,1
ifadelerini,1
kullandı,1
trendinin,1
rakamlarına,1
artta,1
sıralarda,1
etiketleri,1
tarla,1
ürünlerinin,1
tezgaha,1
çıkmasıyla,1
inişe,1
yansı,1
kabak,1
mallar,1
çıktığında,1
liralardan,1
sattın,1
satım,1
satt,1
yerinden,1
getiriyoruz,1
getirdin,1
mevsime,1
fazlası,1
eksiği,1
hesaplandı,1
başlayacak,1
şik,1
eşiğindedir,1
sevindiren,1
ihracattan,1
ithalat,1
açığı,1
rezervi,1
swap,1
hariç,1
iyileşme,1
geçerek,1
ikramiyelerine,1
tarihleri,1
yatmış,1
ödemelerine,1
emeklilerinden,1
başlanacak,1
ikramiyelerini,1
ikramiyenin,1
sizinki,1
girmeyince,1
inanmam,1
yatarsa,1
yatsın,1
girsin,1
inanırım,1
eninde,1
girmeyecek,1
emeklil,1
çalışırken,1
babanın,1
gözlerinde,1
ışıdı,1
toplantısının,1
mesajlar,1
gabari,1
üretiminde,1
rekorunun,1
kırıldığını,1
gabarda,1
üretimini,1
varilin,1
çıkararak,1
tarihinin,1
varile,1
ulaşmayı,1
hedefliyoruz,1
tabir,1
fıstığına,1
üreticilerini,1
ettirdi,1
yolda,1
tatlı,1
maliyetinin,1
ederseniz,1
geriye,1
işçiliktir,1
vesaire,1
koyduğumuzda,1
eriyip,1
fıstığın,1
rekoltenin,1
rekoltesi,1
rakamı,1
zamların,1
arifesinde,1
mutfaklarında,1
argüman,1
lezzet,1
stokçular,1
iştahını,1
kabartıyor,1
vurgunun,1
vurabilir,1
vuralım,1
misali,1
handikap,1
yaşıyoruz,1
fıstığındaki,1
üreticilerine,1
karşılamakta,1
yetersiz,1
yapmış,1
fıstıktan,1
vurgunu,1
atlatmaya,1
yetmedi,1
maliyetlerimiz,1
baklavayı,1
stokçuluğu,1
engel,1
denetimlerin,1
artırılmasıyla,1
dünyasındaki,1
yatırımların,1
getirmesi,1
pandemide,1
çılgınlık,1
derecesine,1
gerçekleştirildi,1
statlar,1
manada,1
satılmaya,1
koronavirüs,1
cazibesi,1
alımları,1
aleme,1
taşındı,1
gördüler,1
markalar,1
söylediler,1
ettiler,1
sponsor,1
oldular,1
sevinci,1
sürmedi,1
hayata,1
yapılmasıyla,1
talebin,1
değerleri,1
çakıldı,1
köprüler,1
pik,1
aleminin,1
türklerin,1
cebi,1
yandı,1
yaşanmaya,1
arazilerin,1
üçte,1
birini,1
türkler,1
topkapı,1
dolmabahçe,1
yıldız,1
sarayı,1
milyarlarca,1
metaya,1
yatırı,1
köpürtülür,1
arsalarının,1
tarlasına,1
dönmesine,1
sebebiyet,1
arazi,1
konutlar,1
metanın,1
kurucusu,1
yaşadı,1
enkazın,1
faturası,1
denecek,1
değerinin,1
günden,1
kişilerin,1
zararda,1
zarara,1
girebileceği,1
kurbanı,1
köylümüz,1
kardeşimiz,1
soramadım,1
dolaşıyorum,1
hissederim,1
benç,1
fiat,1
buun,1
aralıkları,1
söyledikleri,1
pazarları,1
buyur,1
koçumuz,1
beğendi,1
trakya,1
kıvırcı,1
buldunuz,1
almıştık,1
engin,1
yardımcı,1
küçükbaşa,1
bakarsanız,1
geliyorlar,1
helal,1
hakkını,1
pazarını,1
gezdiğimizde,1
hayvanlardaki,1
isimli,1
tokat,1
zileden,1
açıklamayla,1
edelim,1
meclisinde,1
günün,1
kaldığını,1
belirten,1
kaldığın,1
inanıyoruz,1
programın,1
sonuçlarını,1
göreceğimiz,1
giriyoruz,1
önceliğin,1
ülkeyi,1
sorunundan,1
temelli,1
kurtarmaktır,1
gelirler,1
politikalarını,1
uyum,1
meclisi,1
kurulunda,1
yılını,1
dolduran,1
başarıyı,1
yakalayacağız,1
miktarını,1
lige,1
belirsizliklerden,1
kurtulduğumuz,1
alamayanlara,1
iyisini,1
beğendik,1
biçiz,1
hatırımız,1
gels,1
allahım,1
kul,1
anlaştırır,1
yoksa,1
anlaşma,1
durumumuz,1
saatten,1
anlaşamıyoruz,1
bölüş,1
istedim,1
kendisine,1
öldürmüşsün,1
söyleyeceğim,1
bulalım,1
olun,1
kadara,1
hayvanlarımız,1
hayvanımızı,1
kızılelma,1
ağırlı,1
taşovadan,1
ismi,1
kızıl,1
elma,1
koyduk,1
aslan,1
bırakacağız,1
dediğiniz,1
zeytin,1
ağırlığı,1
yaramaz,1
yaramazlık,1
huyları,1
telaşındayım,1
baktık,1
pazarlığına,1
çıkarsa,1
ortağımla,1
beğendiğiniz,1
arıyoruz,1
kısmetimiz,1
geziyoruz,1
gezmeye,1
ablacığım,1
boynuzunun,1
kırık,1
abla,1
dışını,1
çıkartmış,1
vasfını,1
seçenek,1
yanımda,1
çadırın,1
koçu,1
yaklaşıyor,1
gölbaşı,1
kaporal,1
işaretlendi,1
pazarlarına,1
anlaştık,1
gölbaşındaki,1
kollar,1
incinir,1
kalaki,1
kesmeden,1
gng,1
satıcısı,1
karsan,1
amcasına,1
satane,1
ucuzunu,1
malı,1
varımız,1
kısmet,1
satıcılar,1
gidildi,1
çektiler,1
öbürlerinden,1
gözlü,1
olmamak,1
hakkına,1
olursan,1
işin,1
yürüyor,1
çevreme,1
satıyorum,1
hesaplı,1
veriyorum,1
benzer,1
adar,1
boğa,1
kralı,1
alıcılarını,1
pazarım,1
diyorduk,1
satacağım,1
pazarlarda,1
valizini,1
otogarların,1
rotalarda,1
terminal,1
aday,1
gidiyorsunuz,1
bolu,1
van,1
vanl,1
memleketine,1
tahmini,1
sürer,1
evime,1
deay,1
gidun,1
şeyim,1
terminallerinde,1
göçü,1
ailen,1
sevdiklerin,1
dedem,1
babaannem,1
gil,1
sevdikleriyle,1
ailesiyle,1
bolca,1
geçirmek,1
otogarın,1
tükendi,1
oluşturuldu,1
biletini,1
zorlanmadı,1
dolaştı,1
seferlerden,1
anca,1
bulabildik,1
nazaran,1
biletimizi,1
yola,1
kötüydü,1
yolcular,1
firmalarını,1
sardı,1
otobüsçü,1
esnafının,1
günlerden,1
tatili,1
iyiyiz,1
sayılır,1
geliyoruz,1
dolu,1
bart,1
edeceğim,1
koltuğum,1
konforu,1
edenler,1
havalimanlarına,1
yöneldi,1
havalimanlar,1
gününe,1
izmirdeydi,1
bayraklıda,1
hemşehrileriyle,1
buluştu,1
buğdaydan,1
yapılır,1
satılmak,1
üreticisi,1
buğdaya,1
kal,1
tekirdağda,1
miting,1
mücadelemiz,1
ikramiyelerinin,1
çoktan,1
hazırdı,1
sevindir,1
memurum,1
benimki,1
yatmamış,1
yatması,1
yattı,1
lal,1
ödemeleri,1
yayıldı,1
öğrenecektim,1
yacak,1
gidecek,1
teyze,1
deyin,1
acele,1
dediklerine,1
derece,1
görm,1
alm,1
dul,1
getim,1
maaşıyla,1
yaşlılık,1
parası,1
şehit,1
yakınları,1
gaziler,1
terörden,1
siviller,1
korucularına,1
emeklisiydi,1
ier,1
deen,1
torunların,1
harcamaya,1
çocuğa,1
verince,1
torunlarıma,1
vereceğim,1
armar,1
bayramınız,1
kutlu,1
otobüste,1
uygulanıyor,1
aştide,1
genelge,1
yapılmıyor,1
boşu,1
boşuna,1
karşımızdaki,1
adamlarla,1
bahanesine,1
sığındı,1
bekleyen,1
hayal,1
kırıklığına,1
hakkınız,1
sordum,1
yönetmelik,1
terminalinde,1
fiyatımı,1
fiyatım,1
fiatı,1
say,1
üzerind,1
tarifemiz,1
uygulamıyoruz,1
bilmi,1
uylar,1
çıkarılan,1
zorluk,1
ulaşmak,1
bileti,1
yazan,1
ıyor,1
şerefli,1
kotura,1
kullanmadım,1
şehirler,1
hakkımızı,1
kullandırmadı,1
indirimiyle,1
söylemedik,1
aldılar,1
yürütülmesi,1
belirtmişlerdir,1
programında,1
aşamayı,1
bakanımız,1
istenildiği,1
verece,1
ümüz,1
soy,1
gündemdeydi,1
çadırlarında,1
müşteriler,1
kameraya,1
görüntüler,1
bakmaya,1
pazarlı,1
babamla,1
babam,1
değerlendirmesi,1
çetin,1
gideceğiz,1
bulmaya,1
çalışacağız,1
demiştik,1
müşterimize,1
telaşında,1
çadırlar,1
dolaşıldığında,1
beraberiz,1
abimle,1
maliyetin,1
alık,1
gelmemezlik,1
yapmasın,1
söylendiği,1
yarısını,1
doyuracak,1
öküz,1
satışlardan,1
çadırdaki,1
müşterilere,1
tavsiyem,1
geç,1
kalıp,1
kafasına,1
vurup,1
düşünmesin,1
kalmıyor,1
pazarındaki,1
daraldıkça,1
kızıştı,1
besicilerin,1
hayvanların,1
evlerine,1
hım,1
rabbim,1
dergahında,1
azalırken,1
gündür,1
buradayız,1
allaha,1
klara,1
niyetin,1
olduk,1
çadırda,1
anlaşıyorlar,1
tosunuma,1
çekiyordum,1
bitirdik,1
besleyip,1
büyütüyor,1
meşakkatli,1
satıcıları,1
memleketlerine,1
ağrıdan,1
ablam,1
kalıyoruz,1
özlediniz,1
burnumdan,1
tutuyor,1
ihtiyar,1
aht,1
yakayım,1
gelem,1
senden,1
emmim,1
hazırlıyorsunuz,1
yiyorsunuz,1
hazırlıyoruz,1
nohut,1
pilav,1
arkadaşlarla,1
yakacı,1
bulmuş,1
çubuktan,1
çubukluyu,1
baktım,1
büyüttük,1
koçlar,1
koyunlar,1
geleyim,1
malımı,1
seçeyim,1
yapayım,1
düşündün,1
elhamdülillah,1
koyundan,1
ikram,1
tekirdağ,1
daydı,1
hayraboluda,1
traktör,1
komboy,1
selamladı,1
mitinginde,1
ittifak,1
tartışmaları,1
çağırdı,1
katılın,1
muhafazakar,1
milliyetçi,1
birleşin,1
sesinizi,1
duyurun,1
dedik,1
karınları,1
doyurması,1
borçları,1
ödemesi,1
fiyatının,1
olım,1
italya,1
uçakta,1
açıklamalarla,1
bültenimize,1
açıklamalar,1
düşeceğini,1
aşımıza,1
işimize,1
ekmeğimize,1
canavarından,1
kurtulma,1
girdik,1
krizler,1
sebeplerle,1
nükseden,1
oluştu,1
bayramların,1
bayramlarda,1
günde,1
baklavacılara,1
çeşitlerimiz,1
ladı,1
kesmek,1
bulamayanlar,1
kesti,1
pazarlarının,1
gününü,1
bulamadı,1
alabilmek,1
bekledi,1
sakindi,1
süzün,1
yoğundu,1
hoşumuza,1
nasip,1
keseceğiz,1
pazarı,1
çadırdan,1
çıkanlar,1
alanlarının,1
karabalık,1
alanlarındaki,1
kestiriyorlar,1
kesiyor,1
parçalanıyor,1
dağıtmaya,1
kesen,1
noktaya,1
etleri,1
getiriyor,1
poşetlenerek,1
yarısı,1
koyacağız,1
gelemedik,1
düve,1
kurbanlıklarını,1
bitiren,1
mutluydu,1
toparlanmaya,1
hayvanla,1
demişti,1
izninin,1
çıkarılması,1
iin,1
izinle,1
ekranlarınıza,1
ülkemizde,1
uygulamaları,1
işareti,1
miydin,1
gitmesin,1
geçirsin,1
zorlandıkları,1
görebiliyoruz,1
ülkede,1
verirken,1
iznindeki,1
düzenlemeye,1
takıldı,1
hamilelikte,1
geçirmiş,1
kısalıyor,1
anneyim,1
iznim,1
anneme,1
kızımı,1
döndüm,1
yaşamış,1
çıkmasını,1
bebeğinin,1
olmaya,1
illaki,1
toparlaması,1
hamilesiniz,1
bağışlasın,1
düşünsenize,1
başlayacaktı,1
kime,1
çocuğunu,1
kadarcık,1
çocuğu,1
çalışmak,1
yenilik,1
ülkelerindeki,1
örnekler,1
inceleniyor,1
çocuktan,1
iznin,1
kızlarım,1
anneleri,1
hamilelik,1
izinin,1
başlangıçta,1
gebeliklere,1
verilirse,1
etkiler,1
muhakkak,1
etkileyecektir,1
büyükler,1
bakamıyor,1
yardım,1
edemiyor,1
hasta,1
etmesi,1
ann,1
baktığı,1
bakamaz,1
kreşe,1
paylaşmayı,1
öğrensin,1
konuşması,1
gelişsin,1
kreşten,1
gelene,1
duruyorum,1
duramam,1
kreş,1
desteği,1
özlük,1
haklarında,1
kreşler,1
oturuyorsanız,1
çalışıyorsa,1
hizmetler,1
mahinur,1
özdemir,1
göktaş,1
sıcak,1
şimşeğin,1
varız,1
çevrilmişti,1
çıkarken,1
çarş,1
borsalar,1
dövize,1
bitmesiyle,1
gümüşte,1
seviyeleri,1
test,1
tahtında,1
altınla,1
kalmadı,1
kuruyla,1
seviyesiyle,1
yaklaşırken,1
aylar,1
kasabında,1
düşsün,1
alırız,1
lokantalar,1
lokanta,1
yılbaş,1
aşkın,1
zamlanan,1
kurumunun,1
ithalata,1
başlamaması,1
har,1
oturdu,1
kıymasının,1
kilosunun,1
dütü,1
bekli,1
muydunuz,1
beklemiyordum,1
dah,1
şahsen,1
yatin,1
yar,1
tab,1
iyiiz,1
yak,1
satuk,1
düşürdük,1
düşürdünüz,1
yokı,1
iek,1
görürdük,1
sizler,1
söylüyorsunuz,1
trabzonlu,1
uzunoğlu,1
bahçesi,1
yetiştiriyor,1
acılar,1
hurmaların,1
kendisinden,1
anlatır,1
hacılarının,1
muhafaza,1
edilebiliyor,1
dayandığı,1
dayanma,1
gücü,1
araması,1
sukai,1
sıkça,1
çeşitlerden,1
yaşlı,1
hastalığı,1
yumuşak,1
cinsi,1
kaliteli,1
hurmalar,1
bakımından,1
kansızlığa,1
öteki,1
hurmada,1
şifalı,1
acılarımız,1
tercü,1
venin,1
hacılar,1
yurda,1
dönmüyor,1
riyalden,1
hurmasına,1
riyala,1
merkezden,1
siyasi,1
tepeyi,1
bakanlıkta,1
kurmayın,1
görüşmesi,1
görüştüler,1
konuştular,1
kapıda,1
ziyaretlerin,1
süreci,1
temas,1
partisi,1
sorumlu,1
gerçekleştirilen,1
selamlaşmanın,1
ınd,1
chpnin,1
yönetiminden,1
beklentilerini,1
aktardı,1
tarımdan,1
kanununa,1
görüşmede,1
ilettik,1
tarımsal,1
desteklerin,1
artırılarak,1
kanununun,1
öngördüğü,1
ödenmesi,1
adaletsizliğin,1
gideril,1
görüşmenin,1
başlıklarından,1
duyarlılığının,1
çizdi,1
adaleti,1
önemsediğini,1
izlenimini,1
zorunluluk,1
defaten,1
oranıyla,1
kalmamasını,1
tekabül,1
etmeyeceğini,1
üstünde,1
gerektiği,1
konusunu,1
dinledi,1
takipçisi,1
uğurladı,1
ziyaretle,1
partiden,1
sözcüsü,1
ömer,1
çelik,1
yaptığını,1
hükümetin,1
ücretin,1
seviyelerinde,1
bulabilirler,1
bakarsan,1
yapılmıştı,1
oranın,1
gerektiğin,1
yapılabilir,1
tartışma,1
sürerken,1
dağdan,1
derseniz,1
edebilirim,1
biliyordum,1
aram,1
çalış,1
çalışanlara,1
arazam,1
gelmişti,1
gelmiyor,1
üzücü,1
kuzenim,1
asker,1
üzüldü,1
pahalılığının,1
azalacağını,1
koymamız,1
hazirandan,1
etkisinde,1
düşme,1
etkisinin,1
düşüşleri,1
görmeye,1
durduramazlar,1
saa,1
şeyin,1
anlamı,1
böylelikle,1
aradaki,1
eritemi,1
açıklanmasıyla,1
itibarıyla,1
kalkmasıyla,1
perişan,1
yardımcımız,1
mlu,1
tedirgin,1
zammi,1
sın,1
temuz,1
edilmez,1
ödediklerini,1
uyan,1
kirac,1
edim,1
çıktım,1
kirata,1
eviniz,1
sınırına,1
uydunuz,1
uymadım,1
yaptığım,1
röportajlar,1
uymuş,1
hakim,1
vefakar,1
nankörlükle,1
edemem,1
etik,1
nizami,1
çerçevesinde,1
sınırlamasının,1
sıkışık,1
tarafının,1
rahatlatacağını,1
kiralayanlar,1
gen,1
caydırıcı,1
uyuyordu,1
mahkemeye,1
gittiği,1
korkuyorlardı,1
mahkeme,1
kaldırsa,1
oturacak,1
öne,1
çıkan,1
artışının,1
oranına,1
belirlenmesi,1
tefe,1
şekliyle,1
sağlandığı,1
düzene,1
geçildiği,1
ellerini,1
rahatlatmış,1
okuyoruz,1
bakanımızın,1
açıklamasına,1
uyarlı,1
zamanlı,1
düzenlenmiş,1
fikirle,1
gidiliyor,1
sahibiyim,1
anlayabilirsiniz,1
üzdü,1
uygulamas,1
saydı,1
fikrimi,1
zannetmiyorum,1
noktasını,1
bulurduk,1
katta,1
binada,1
sede,1
ötürü,1
artışlarının,1
bölgesel,1
şehre,1
belirlenmeli,1
beşiktaştaki,1
artırımıyla,1
mamaktaki,1
artırımını,1
ayarlarsanız,1
saçmalamış,1
olursunuz,1
handan,1
bereketlesin,1
heri,1
göstergelerde,1
asar,1
çalışmamız,1
soğ,1
devami,1
bulabilmektir,1
buçan,1
sah,1
imzalatması,1
fiyatlı,1
kiralarındaki,1
çözüme,1
kavuşmasını,1
denildiğinde,1
sabitlenmiş,1
çev,1
miş,1
tozuyuz,1
istasyonu,1
çek,1
alı,1
meryem,1
isbay,1
ayındaki,1
zayıflama,1
kesintiye,1
kararına,1
yakalanınca,1
yarısında,1
borsa,1
cephesinde,1
kayda,1
dönemece,1
girildi,1
tukin,1
açıklayacağı,1
haziranla,1
gelmez,1
toplu,1
toplamı,1
yılbaşı,1
mezunu,1
koyarsak,1
şube,1
müdürü,1
polisin,1
hemşirenin,1
uzman,1
profesör,1
vaiz,1
aşacak,1
işçi,1
bakur,1
taşıtların,1
düşürülerek,1
haksız,1
sağlanmasını,1
kuralını,1
getirmişti,1
geçilmiş,1
yaşanılabilir,1
bulması,1
kural,1
uzatıldı,1
girdiğinden,1
esnaflara,1
geçeri,1
yal,1
şahıstan,1
şahsa,1
yapabiliyorsunuz,1
aldığında,1
vergiyle,1
falı,1
şirket,1
uzatılan,1
uymayanlara,1
satıcılara,1
tarihin,1
uzatılmasında,1
sebepleri,1
atılması,1
müşterimiz,1
şuradan,1
geçip,1
gidiyorlar,1
kredilerin,1
insanlarımız,1
alamıyor,1
bayilerin,1
kampanyaları,1
bayilere,1
sıfıra,1
yaklaşmış,1
yetkili,1
bayisi,1
oto,1
galerilere,1
kesildi,1
kısıtlamasına,1
aykırı,1
edenlere,1
uygulandı,1
ankaradaki,1
yükseltmek,1
arttırılması,1
haktan,1
maaşımız,1
yararlanmam,1
oluyorsunuz,1
maaşa,1
tde,1
kalmış,1
mağduriyeti,1
çıkartılması,1
başlatıldı,1
çıkartmanız,1
lın,1
yararlansın,1
neyse,1
geçsin,1
marsım,1
onayına,1
tatile,1
girmeden,1
düğüm,1
çözülüyor,1
açıklanacak,1
gitmeden,1
zammından,1
yararlanamayan,1
yapılmasını,1
zirvesinden,1
dönene,1
bitirin,1
öğrenildi,1
açıklarız,1
verildikten,1
hızlıca,1
meclisimizde,1
değerlendirmeyi,1
bakanlıklar,1
raporlar,1
çıkmadı,1
geldiğimizde,1
belirlediğimiz,1
toplantısıyla,1
sizlerle,1
paylaşırız,1
duruyor,1
teklifin,1
yasaya,1
eklenerek,1
geçirilmesi,1
başladığını,1
sağlayarak,1
aylardan,1
ateşinin,1
göreceğiz,1
eydi,1
omuz,1
omuza,1
yolumuza,1
mesajının,1
ittifakı,1
kararlılığı,1
külliyesi,1
görüşmeye,1
sahipliği,1
mekanda,1
buluşmuştu,1
ışık,1
verdiğ,1
teklifte,1
öğretmenliğe,1
koşulları,1
değiştiriliyor,1
akademisi,1
kuruluyor,1
olu,1
soğuk,1
zamlarını,1
bulabilmek,1
adımlar,1
tan,1
andan,1
imzalatmak,1
fiyatla,1
çevrilmiş,1
tozu,1
yoky,1
varis,1
bisik,1
bisikletine,1
isla,1
onarım,1
sürecinde,1
görüntülemekte,1
bunla,1
ispk,1
yaygınlaşmasıyla,1
tozlu,1
raflara,1
değişince,1
senedi,1
keşfetti,1
galerilerde,1
faizleri,1
piyasasını,1
vurdu,1
güzeldi,1
işlerimiz,1
senete,1
sezonunu,1
geçiren,1
can,1
suyu,1
artmaya,1
gitmiş,1
katladı,1
karşıyım,1
güzeli,1
cebindeki,1
uykular,1
kaçar,1
hemden,1
imzaladığım,1
senel,1
bitene,1
uyku,1
neyin,1
bineceksin,1
çekle,1
yapma,1
yöntemlerine,1
tüketiciye,1
seçenekler,1
günlere,1
kapanan,1
yavaşlayan,1
hızlanmaya,1
tahsilli,1
krediler,1
başvuruyoruz,1
araca,1
pazarlığı,1
isini,1
arkadaşlara,1
taksit,1
çıkmıyor,1
satışla,1
aracın,1
bor,1
bitince,1
rehin,1
veriyorsunuz,1
rehinini,1
kaldırıyorsunuz,1
koyuyor,1
cüzü,1
parasına,1
vermiş,1
oluyoruz,1
şişti,1
elimizde,1
nakite,1
çevirmek,1
kullan,1
odasının,1
raporundan,1
vekil,1
maaşından,1
kalifiye,1
bacıları,1
bankacı,1
tahminen,1
kend,1
yetiştirmiş,1
adamlar,1
kazandınız,1
kazandım,1
mıes,1
kendimizi,1
yoruyoruz,1
emeğimizi,1
karşıl,1
milletvekili,1
diyebilirim,1
bizimki,1
ostimde,1
değiştirdi,1
üstlenilen,1
çalıştırılan,1
sayısına,1
ustasının,1
ayımız,1
kazan,1
hasan,1
kaynağı,1
kaynağa,1
güvenerek,1
bakılırsa,1
depremler,1
güvenip,1
kayna,1
tesmim,1
kafamıza,1
gelmemesi,1
ustaları,1
çırak,1
yazın,1
yatmasın,1
çalışsın,1
sanay,1
gelsen,1
yanımızda,1
çalışsa,1
öğrense,1
yünü,1
ataması,1
olmasa,1
amel,1
çalışmaz,1
çalışır,1
öğrenilmesi,1
açıkçası,1
kendimi,1
hazır,1
hissettiğim,1
günüme,1
laf,1
aramızda,1
ustan,1
musun,1
hedefim,1
bölümünde,1
kapsamlı,1
stratejisinin,1
geliştirilmesi,1
önerildi,1
emeklisini,1
yayımlandı,1
aylığı,1
düzenlemeyi,1
onayladı,1
yayınlanarak,1
takvimleri,1
ekam,1
edilmişti,1
lanın,1
yasayla,1
zammın,1
mücadelede,1
komisyondan,1
başıboş,1
köpek,1
yasa,1
tasarısını,1
merhamet,1
dersi,1
kalkışmasın,1
meclisteki,1
görüntülere,1
milletimiz,1
çalışmaya,1
gönderdi,1
dökmemiz,1
seçti,1
yasama,1
milletvekillerine,1
aylığını,1
yükselttik,1
enasyon,1
sıkıntılarına,1
imkanların,1
cumhurbaşkanınız,1
yaşadığınız,1
sıkıntıların,1
serzenişleri,1
sorunlarınızı,1
imkanlarımızı,1
popülizm,1
hedeflediğimiz,1
indirdiyseniz,1
faydanız,1
dokunsun,1
verin,1
kurumuna,1
birikmiş,1
borçlarını,1
ödesinler,1
borçlarıyla,1
bakanlığımız,1
kaynağında,1
borçların,1
tahsiline,1
başlayacaktır,1
köprülerinde,1
avrasya,1
tünelinde,1
bekliyorduk,1
mutluyuz,1
haberini,1
karayolları,1
müdürlüğü,1
köprülerin,1
köprüsünde,1
gereklilik,1
yapmışlardı,1
osmangazi,1
çanakkale,1
geçi,1
anara,1
anadolu,1
uğurlu,1
alışmışım,1
ödem,1
taksiyi,1
ödüyoruz,1
zamlardan,1
tüneli,1
ücretlerinde,1
düşüneceğim,1
şaşırmadık,1
dövizdeki,1
piasa,1
sorduk,1
aldığımız,1
cevaplar,1
kırıyor,1
tabiii,1
tutmayıp,1
tutarsanız,1
kaybınız,1
görülüyor,1
yükselebilir,1
dolardan,1
savaşı,1
konuştuğumuz,1
konuşmaya,1
rekorları,1
gidersen,1
götürebilirsin,1
düşebilir,1
eriyebilir,1
seviyelerini,1
tlde,1
sektöründe,1
müteahhitler,1
bulamıyor,1
şantiyelere,1
müteahit,1
ustalara,1
mikrofon,1
uzattı,1
tuğla,1
harç,1
kalıpçısı,1
duvarcı,1
tesisatçısı,1
fayansçı,1
acil,1
durumlarda,1
tesisat,1
işinde,1
ustaya,1
ödedim,1
randevulu,1
sisteme,1
şartlarını,1
kendileri,1
belirlemeye,1
sistemine,1
kerge,1
andaki,1
dakikamız,1
çalıştırırken,1
çalıştırıyoruz,1
veriyorlar,1
şilin,1
işlerimizi,1
aksatıyor,1
başlayacağımız,1
projemiz,1
başlamaya,1
çekiniyoruz,1
korkuyoruz,1
bulamıyoruz,1
uçuklatır,1
göv,1
yiyesi,1
tabiri,1
caizse,1
saniyesi,1
dakikası,1
anlamına,1
ayile,1
vurdum,1
çir,1
gend,1
mizik,1
ustada,1
masa,1
toz,1
üstün,1
batmasın,1
maaşında,1
inşaatı,1
öcü,1
okumayacaksan,1
tecrübe,1
edinsin,1
müteahhitleri,1
federasyonundan,1
girişim,1
bakanlığına,1
cezaevinde,1
inşaatlarda,1
çalıştırılması,1
başvuru,1
faş,1
sistemle,1
sözleşmesi,1
kiralamalar,1
kendine,1
oynatıyor,1
oturdum,1
sözde,1
lafta,1
hükümet,1
dizginlemek,1
uygulamasına,1
edevlete,1
yüklenecek,1
öğrendiğimizi,1
dolduracak,1
tesis,1
etmiş,1
aboneliğini,1
sistem,1
işlemlerini,1
tuşla,1
yapsan,1
aklı,1
ettiriyoruz,1
hiçbiri,1
yanaşmıyor,1
şeylere,1
haklarının,1
korunması,1
amaçlanıyor,1
şeffaf,1
sözleşmeyle,1
anlaşmazlıkların,1
yaşadığı,1
gat,1
olak,1
kanunen,1
uygulanmayan,1
kontratların,1
saymalı,1
kaçağı,1
farklılıklar,1
maem,1
dişe,1
diş,1
hod,1
meydan,1
yakasına,1
kenara,1
kaçırabilir,1
ödüyorum,1
vergimi,1
devlette,1
borcumu,1
bırakmam,1
müddetçe,1
kalkınır,1
evinin,1
kirasıyla,1
geçiniyor,1
diyemem,1
verecek,1
yansıma,1
yansıması,1
pahiz,1
kirat,1
artışlarına,1
başlaması,1
alışverişlerinde,1
siparişlerde,1
değiştirilen,1
oranlar,1
bakanlığının,1
vergisi,1
seviyor,1
seviyorum,1
çanta,1
ülkelerinden,1
pantalon,1
küçüldü,1
giyemiyorum,1
gömlek,1
yapmadaki,1
uygundu,1
kurallarla,1
olduu,1
yzden,1
yerelin,1
alınabilir,1
artırılıp,1
düşürülürse,1
başarılı,1
artırıldı,1
şeyimiz,1
oydu,1
buluyorduk,1
alışverş,1
sınırlandırıldı,1
odan,1
düşürüldü,1
yapmadığım,1
diyemeyeceğim,1
yapmama,1
sebebiniz,1
alışkanlık,1
görerek,1
almay,1
görmeyi,1
ediyorsun,1
devir,1
denim,1
sevmiyorsunuz,1
sevmiyorum,1
abdülfettah,1
esisi,1
türkiyeyi,1
ziyaret,1
sisiyi,1
törenle,1
görüşmelerde,1
gündem,1
israil,1
saldırılarının,1
durdurulması,1
ateşkesin,1
sağlanması,1
düzeyli,1
stratejik,1
konseyi,1
toplantısına,1
imzalanacak,1
anlaşmalarla,1
çıkarılacak,1
tekin,1
bilgileri,1
atamasının,1
tamamlanacağını,1
tuik,1
büyümenin,1
lokomotifi,1
sektörüyle,1
sektörleri,1
yüz,1
tarihimizin,1
açığımız,1
azalış,1
dengelemenin,1
zorlu,1
aşıldığını,1
aydaki,1
havayolu,1
taşımacılığı,1
atlatırız,1
türkiyedeki,1
üniversitelere,1
üniversitedeyim,1
ücretim,1
sonumuzu,1
ayır,1
alanındaki,1
öğrenciyiz,1
karşılayamayacak,1
aileler,1
gerçekle,1
şeftali,1
armut,1
mürdüm,1
yüksekti,1
alıyorduk,1
afyonlar,1
patatesi,1
ektiler,1
etmedi,1
ellerinde,1
patladı,1
afyon,1
yapanları,1
zebil,1
yerle,1
sarımsak,1
biberde,1
domatesle,1
biberli,1
salçalı,1
hatun,1
acı,1
bakacağım,1
içine,1
değildi,1
netleşti,1
geçmeyecek,1
gerilediğini,1
hedefinin,1
tutturulacak,1
faizsiz,1
kapsamı,1
genişletildi,1
izleniyor,1
dernek,1
pahala,1
ştı,1
nebze,1
sevdiğim,1
kız,1
karşıma,1
pilo,1
bölgeleriyle,1
bölgesine,1
hızının,1
karabük,1
bartın,1
illeri,1
nüfus,1
azum,1
katmışlar,1
geneline,1
yayılması,1
artarsa,1
evlenirim,1
bitmiyor,1
evlenecek,1
eşi,1
evliliğin,1
ailelerin,1
biniyor,1
destekten,1
gencin,1
yararlanabilmesi,1
esnetildi,1
brüt,1
herkesi,1
masrafları,1
devletin,1
krediyle,1
yararlanmayı,1
düşünmem,1
planlarım,1
düşünecek,1
şubatta,1
başvurdu,1
krediden,1
yararlandı,1
yumanlar,1
mükel,1
ediye,1
fonundan,1
illere,1
yaygınlaştırılacak,1
mutlu,1
sevgili,1
seyircilerimiz,1
kameralar,1
karşısına,1
ekonomideki,1
gelişmelerle,1
sorunsuz,1
aralıksız,1
olmadan,1
sürdürülebilir,1
sağlayamayız,1
külliyesinde,1
bakanlar,1
oradaydı,1
ekin,1
ettiğini,1
göstermektedir,1
hedefleri,1
öncelik,1
dır,1
düşürülmesi,1
revize,1
hedefimizi,1
koruyoruz,1
öngörüyoruz,1
aliye,1
büyümesi,1
programda,1
hedefi,1
koymadık,1
hedefimiz,1
irademiz,1
belirleyecek,1
şartlarıdır,1
formülü,1
erkeklerde,1
kadınlarda,1
genç,1
zengin,1
faturalarında,1
geçiliyor,1
olana,1
ücretli,1
korunacak,1
katlanabilecek,1
kullanıcılara,1
tüketicilere,1
belirlemek,1
esaslı,1
yansıtmak,1
faturasının,1
kaldırılacak,1
evinde,1
tüketiminin,1
hane,1
maliyetlerini,1
karşıladığı,1
modeli,1
faturalara,1
ihtiyaç,1
vatandaşlarımıza,1
emeklilerimize,1
desteklerden,1
istifade,1
ettirip,1
çalışması,1
sakarya,1
sahasındaki,1
metreküpe,1
hanenin,1
gazla,1
karşılanacak,1
önlenmesi,1
önemi,1
kaçırıyor,1
insafsızca,1
davranıyorlar,1
vergiden,1
kaçırmış,1
gösteri,1
kaldım,1
ikada,1
oturuyordum,1
oturuyorsun,1
göster,1
kın,1
önceleri,1
yapılırsa,1
kesiliyordu,1
tebliğde,1
ödenen,1
gelirinin,1
kanalıyla,1
yatırmak,1
kaçıranlar,1
kaçmazlar,1
düzgün,1
kaçırsın,1
göçsün,1
yaptırımların,1
kiranın,1
tutar,1
tnin,1
altındaysa,1
bin,1
yenilenen,1
kontratını,1
etmeleri,1
formülünü,1
bulur,1
halkımız,1
ödüyor,1
ihbar,1
bela,1
yatıracağı,1
gösterilmesinden,1
yanayım,1
alımlarındaki,1
ödemelere,1
ödemelerde,1
kullanma,1
getirilecek,1
parkı,1
çıkıp,1
dilemesi,1
birileri,1
demokrasiyi,1
iradeyi,1
savunanlar,1
değildir,1
hadisede,1
asıl,1
eleştiri,1
vermesi,1
gerekenler,1
haftalarca,1
sokakları,1
ateşe,1
kaosa,1
gerilime,1
kargaşaya,1
buğanlı,1
vurgu,1
ekonomisini,1
sekteye,1
uğrattılar,1
ağacın,1
bahane,1
edilerek,1
dolardır,1
dolaylı,1
etkilerini,1
ürkütücü,1
ulaşıyor,1
kazandıran,1
aracıdır,1
uçuşa,1
kırarak,1
araçlarının,1
uçlü,1
halbuki,1
arayla,1
kaçtım,1
yükseldikçe,1
seviyesinden,1
getirisi,1
tazeleniyor,1
alsak,1
yatırımlık,1
düzeltme,1
tuzak,1
içerisinden,1
geçiyoruz,1
düzeltmeler,1
çabasını,1
sürdürür,1
karşımızda,1
ayrış,1
acağı,1
doların,1
güçleneceği,1
gelirlerse,1
düşürme,1
vaadi,1
iktidarın,1
vaatlerini,1
sıraladı,1
paradan,1
fiyatlardan,1
maaşlardan,1
giderden,1
gelirden,1
balıkesir,1
adasa,1
vatandaşlara,1
geldiklerinde,1
uzatmayı,1
vaadetti,1
iktidarda,1
kaldığında,1
meseleyi,1
tahayyül,1
edin,1
mazot,1
benzin,1
büük,1
alkol,1
alanların,1
iddia,1
içki,1
içenin,1
ekstra,1
kötülük,1
mevzu,1
gücünden,1
ekonomisindeki,1
kırdığını,1
tarihimizde,1
konuşuyoruz,1
neredeydik,1
merakla,1
hepsinin,1
feden,1
pas,1
paralarda,1
enens,1
ormanlarda,1
yemyeşil,1
fiyatlandır,1
bırakıldı,1
hareketlendirdi,1
kararlarını,1
coştu,1
coşkudur,1
doymadı,1
tutması,1
ekranlar,1
yeşile,1
dönmüş,1
satılı,1
kurlarına,1
aralığını,1
kurlarındaki,1
aralı,1
onsa,1
geçerliğini,1
korumakta,1
çeşitleri,1
vira,1
tezgahlar,1
şenlendi,1
açı,1
yedim,1
hasret,1
taştı,1
satılırken,1
adeti,1
öncelerden,1
laydı,1
buam,1
yakındı,1
gitmez,1
hatırımıza,1
verseydiniz,1
seçsin,1
istediğini,1
seçtim,1
beğendim,1
severiz,1
alar,1
denize,1
açılan,1
karaya,1
bereketiyle,1
bolluğu,1
avlanan,1
gerekirken,1
yedik,1
hanıma,1
soracağım,1
isteyecek,1
hanımcılık,1
kazanacak,1
tatmak,1
halinde,1
mezgitin,1
levrek,1
çupra,1
barbunun,1
sofralarda,1
görülecek,1
çeşitli,1
tükeniyor,1
tekir,1
mercan,1
mezgit,1
beyefendi,1
plastik,1
benziyor,1
yaralılar,1
ağlarda,1
sevkiyatı,1
şanslı,1
ankaranın,1
denizi,1
ege,1
karadeniz,1
denizler,1
ankaraya,1
iştah,1
kabartan,1
akşem,1
etmez,1
karadenizde,1
yenir,1
tazesi,1
şanslıyız,1
kartal,1
daydım,1
kartala,1
gittim,1
kameramızı,1
fuarına,1
çevireceğiz,1
kullanışlı,1
dağ,1
yaşamak,1
küçükev,1
fuarı,1
fuar,1
merkezinde,1
kapılarını,1
açtı,1
doğanın,1
bütçeyle,1
keyifli,1
tadında,1
sürebilirler,1
ailenin,1
ultra,1
lükse,1
geçtiğimizde,1
çeşitlerini,1
bulabilecekleri,1
onlarca,1
marka,1
evleri,1
motokaravan,1
görücüye,1
tlar,1
odağı,1
jakuzili,1
olanları,1
ultr,1
jakuzisi,1
geniş,1
salon,1
alanlarına,1
açılır,1
kapanır,1
mekanizmasına,1
konforunda,1
görebileceğimiz,1
buradaki,1
houseta,1
mevcut,1
şömineli,1
şömine,1
kullandık,1
kazanlı,1
hanımlar,1
önemsiyorlar,1
müşterilerimizin,1
memnuniyeti,1
açısından,1
ürünler,1
konfora,1
karavanların,1
tanesinin,1
genişletilmiş,1
duvarlarıyla,1
konfor,1
planda,1
tutulmuş,1
fuara,1
tarzı,1
düşkün,1
çocuklarla,1
geldin,1
karavanlara,1
muydu,1
olanının,1
indiği,1
yatak,1
karavana,1
gözden,1
çıkarmanız,1
gözüyle,1
gelmedik,1
gezmek,1
bebeğimiz,1
büyüdüğünde,1
doğada,1
geçirebilmek,1
fikir,1
denmek,1
karavanın,1
yatağı,1
taksitle,1
sizlerin,1
beğendiğimiz,1
şartlarına,1
karavanlar,1
milyonun,1
taşıyanların,1
çarpıcı,1
analizinin,1
ayrıntıları,1
kafeye,1
gittiğinizde,1
yaptığınızda,1
neyle,1
ödemesini,1
harcamalarda,1
taşıyanlar,1
kolaylık,1
sağlıyor,1
taşımak,1
günümüzde,1
ödemeyi,1
yapmayı,1
benimsedik,1
tercihlerinde,1
eğilimler,1
başlıklı,1
analiz,1
kartlarının,1
arttığı,1
hayattayız,1
taşımanın,1
kapsamda,1
çağdaş,1
kayıtlı,1
aktif,1
kullanıcısı,1
harcamaların,1
liras,1
ticaretin,1
kurtuluyorsun,1
kanalların,1
yaygınlaşması,1
taşımıyor,1
kafe,1
restoran,1
kartlarla,1
kahve,1
içiyor,1
emeler,1
genellikle,1
kullanıyor,1
verseniz,1
çayın,1
içtiniz,1
yaptınız,1
ödeyeceksiniz,1
giderken,1
bankasına,1
ödemedeki,1
kolaylıktan,1
kaynaklanıyor,1
pandemi,1
yöntemi,1
hayatımızdaki,1
varlığını,1
sürdürmeye,1
salgın,1
kartları,1
adetleri,1
civarındayken,1
milyara,1
ekmek,1
alsanız,1
ödersiniz,1
ödemelerinin,1
sunduğu,1
rahatlığa,1
ödenebilecek,1
kadarının,1
harcanmasını,1
çiziyor,1
bilinçli,1
ihtiyacımıza,1
harcamamak,1
cebimizdeki,1
bankaların,1
tanıdığı,1
çözümü,1
siparişinde,1
hiçbirisine,1
çevirdiler,1
restorandaki,1
siparişe,1
yöneltti,1
tıkla,1
restorant,1
harcayıp,1
gittiğinde,1
kaygısı,1
çekenler,1
görebildikleri,1
menüleri,1
etmeyi,1
yazıyor,1
değiştiği,1
güncelliyor,1
pratik,1
siparişleri,1
parasıyla,1
getirme,1
ediyorlardır,1
uygulamalarındaki,1
kampanyalarda,1
tüketiciyi,1
cezbediyor,1
değişmezken,1
edince,1
verebiliyorlar,1
lahmacuna,1
restorantta,1
fazlalığa,1
rahatlığını,1
bozmak,1
siparişlerinin,1
artmasının,1
başlıca,1
gelebilmesi,1
evlere,1
parklara,1
bırakılıyor,1
parkta,1
vesa,1
söylenip,1
yenebiliyor,1
getiriyorlar,1
yeme,1
konakladığımız,1
artsa,1
yöntemden,1
vazgeçmeyenler,1
güvenemiyorum,1
restoranda,1
sorabileceğiniz,1
taraf,1
karşınızda,1
restorana,1
etmem,1
yemem,1
yerim,1
yiyemiyorum,1
sıradaki,1
adaylarını,1
giderilecek,1
işıka,1
yöneltildi,1
ışı,1
olacaklara,1
yılına,1
olanlara,1
çıkmıştı,1
vpd,1
rakamlarını,1
çalışanlarını,1
farkının,1
emeklilerini,1
ilgilendirdiğini,1
söylememiz,1
çizmemiz,1
farkın,1
ilgilendirmediğini,1
çizmekte,1
fayda,1
vardır,1
emeklilerde,1
kaybının,1
geçmek,1
işıkhan,1
yılmazla,1
konuyu,1
görüşeceklerini,1
çalışıldığını,1
olmayıp,1
oldukları,1
yılındaki,1
maaşlarında,1
kayıp,1
gerekmektedir,1
amacına,1
ulaşsın,1
adayları,1
emeklilikle,1
çalışmasını,1
tamamlayarak,1
sunacak,1
harcandı,1
gıdadan,1
yaparken,1
kullanıyorsunuz,1
yanımıza,1
taşıyamıyor,1
yapanların,1
kullanımı,1
yasıyoruz,1
dönemiyoruz,1
kartsız,1
taşıması,1
cüzdandan,1
kartlığı,1
verilerine,1
bakıldı,1
masraflar,1
markete,1
aşmıştır,1
harcandığı,1
trilyonla,1
şeyden,1
kısıyor,1
boğazdan,1
kısamı,1
harcamaları,1
marketi,1
geyim,1
kere,1
kıya,1
harcımız,1
yemeye,1
içmeye,1
fazlasıyla,1
tutkunları,1
tllik,1
alınıyor,1
harcıyorum,1
diyeyim,1
adlandırıyor,1
alışverişlerin,1
internette,1
hatırlayacaksınız,1
sevindik,1
duyduk,1
yın,1
medya,1
duyurduğu,1
hizmetine,1
edileceğini,1
sonuçlanacak,1
ihalemiz,1
erecekti,1
yenilenmeyecek,1
olmadık,1
bakanlığıyla,1
istişareler,1
genelgesini,1
memurlar,1
zorlanıyordu,1
uzakta,1
ulaşım,1
dolmuş,1
yapmam,1
lazımdı,1
gidiş,1
manevi,1
makro,1
açıdan,1
bakarsak,1
trafiğine,1
sağlamış,1
servisler,1
uzaktaydı,1
kullanmaları,1
sevindi,1
servisin,1
karardan,1
ayaklanmıştır,1
boşta,1
tarafın,1
diyebilir,1
miyim,1
günah,1
servisçilere,1
olacaktı,1
mükemmel,1
taksiciler,1
arabamla,1
gelsem,1
servisle,1
geldiğin,1
otoban,1
ağı,1
genişliyor,1
projeleri,1
imzalar,1
atıldı,1
ağına,1
hat,1
uzunluğunda,1
kavşak,1
tünel,1
viyadük,1
tesisi,1
doğudan,1
batıya,1
güneyden,1
kuzeye,1
görevi,1
anadoluya,1
egeden,1
akdenize,1
akdenizden,1
karadenize,1
erişim,1
sağlayan,1
karayolu,1
koridorları,1
özelliği,1
kilometre,1
turizmin,1
ticarete,1
tarıma,1
güç,1
katacak,1
turizme,1
taleplerini,1
bölgedeki,1
sektörüne,1
imzalara,1
atılan,1
modeliyle,1
abdulkadir,1
otoyolların,1
sağlayacağını,1
tamamlanmasıyla,1
yakıttan,1
gerçekleştirmiş,1
kullananlar,1
gelişmeyi,1
paylaşalım,1
edildiğinde,1
katılıyorum,1
gelişti,1
sanayimiz,1
sağlayacaksın,1
tartışmasız,1
vatanımız,1
fonuna,1
hazırlanan,1
sunuldu,1
maddelik,1
teklifine,1
kartlarından,1
fona,1
aktarılacak,1
bankalar,1
kesintisi,1
yansıtacak,1
esası,1
vatandaşlardan,1
sanayinde,1
olmamız,1
gönüllü,1
sanayisine,1
ülkem,1
edilse,1
iade,1
edilmeyecek,1
ihtimal,1
düşüreceğiz,1
düşüreceğim,1
amaçla,1
satıcıdan,1
tapu,1
katılma,1
tescili,1
tescil,1
devirlerinde,1
girmesi,1
tutarlar,1
değerleme,1
yıllarımızda,1
hayatımızda,1
veririz,1
paya,1
gerçekleşecek,1
ülkemizin,1
caydırıcılık,1
gücünü,1
artırma,1
seçeneği,1
bölgemizde,1
ateş,1
yüzsüzleri,1
ifşa,1
devlete,1
mükelleflerin,1
isimleri,1
dairelerinde,1
asıldı,1
liste,1
kasımdan,1
başkanlığı,1
sitesinden,1
yayınlanacak,1
konuşulan,1
tasarısında,1
erteleme,1
bildiğiniz,1
limitinde,1
kesintiyle,1
konuşulmuş,1
tartışılmıştı,1
açıklamayı,1
abdullah,1
değerlendireceğiz,1
ertelendi,1
kapandı,1
cezasıyla,1
kaçağına,1
geçit,1
verilmeyecek,1
gelim,1
hla,1
uğramayacak,1
sahib,1
aracılığıyla,1
şeydi,1
bka,1
yoluyla,1
aldığını,1
ağır,1
verilmiyordu,1
gerçekleştirenlere,1
bankadan,1
kesilen,1
yan,1
yollardan,1
dolaşmaya,1
çalışanlar,1
dediğim,1
alıyorsa,1
sahibim,1
diyecek,1
yatır,1
getir,1
ayl,1
haal,1
ayrımı,1
ortad,1
ktı,1
günlüğüne,1
bedenini,1
bankaya,1
yapmıyor,1
hesabı,1
vermiyor,1
ısrarını,1
sürdürürse,1
dairesine,1
bildirmesi,1
engelleni,1
takvim,1
zirvesinde,1
kazandırır,1
gördüğü,1
gayrimenkulden,1
vazgeçmiyor,1
zirvesini,1
oluşturdu,1
şeylerden,1
vazgeçerek,1
alımına,1
yönlendirdiler,1
alımlar,1
sevindirici,1
eyl,1
istatistiklerini,1
alma,1
olanağı,1
sağlanmış,1
istanbulu,1
değerlendiriyorsun,1
konuta,1
yönlendirmeleri,1
ağırlıkla,1
konutları,1
satışının,1
iller,1
hakkari,1
ardahan,1
bayburt,1
sıralandı,1
yabancılara,1
konutla,1
rus,1
vatandaşları,1
karın,1
eğilimine,1
edildiği,1
eldeki,1
araçlar,1
gör,1
kararından,1
eurolar,1
kazanarak,1
kaçıran,1
sporcuları,1
radarını,1
katılmıyorum,1
topçusu,1
alıyordur,1
euroluk,1
kontratlar,1
sözleşmelerde,1
gösterilen,1
ayıp,1
kazandığı,1
ölene,1
kazanamayız,1
toplayıcı,1
radarına,1
futbolcuları,1
topta,1
oynamaz,1
olsam,1
oynayayım,1
irinler,1
benden,1
kuruşuna,1
futbolcudan,1
kulüpten,1
dolarlar,1
sporcu,1
gelirini,1
canım,1
medyada,1
gördüğümüz,1
kadarıyla,1
milyonlardan,1
bahsediliyor,1
veyahut,1
bileyim,1
rakamlarla,1
topçunun,1
oynadım,1
ligin,1
euroyu,1
avrupanın,1
sporcularla,1
kulüpler,1
imzalanıyor,1
ilki,1
futbol,1
sözleşmede,1
futbolcunun,1
alacağı,1
yatıyor,1
incelesin,1
yiyorsa,1
alınsın,1
minareyi,1
çalan,1
kılıfını,1
hazırlar,1
meslekten,1
ödemek,1
verilemeyecek,1
parada,1
ısrar,1
edenleri,1
çekersen,1
kaçakçılığını,1
önleyecek,1
alımlarda,1
çekiş,1
kartını,1
kaldığım,1
yapmıyorum,1
ödeyemiyoruz,1
değişik,1
kartlar,1
olmayan,1
kullanmayanlar,1
ödemelerini,1
şubelerine,1
atmlere,1
giderek,1
satıcıların,1
yatıracaklar,1
nakitimiz,1
olsaydı,1
yapacaktık,1
cezada,1
alt,1
sınır,1
tutulacak,1
diyorsun,1
kaçamağı,1
uyma,1
bozmayı,1
takibi,1
dezavantajlı,1
ihracatta,1
rol,1
pasifik,1
asya,1
işletmeciliği,1
trenine,1
halkalı,1
istasyonunda,1
uğurlama,1
töreni,1
törene,1
abdülkadir,1
valisi,1
davut,1
gül,1
bud,1
parkurunda,1
faaliyet,1
gösterecek,1
kce,1
faaliyete,1
bakü,1
tiflis,1
kars,1
hattının,1
ticaretine,1
yön,1
açılışından,1
tonun,1
üstü,1
geçecek,1
yapım,1
başlatılması,1
hususunda,1
somut,1
adımları,1
atıyoruz,1
başlatmış,1
törenin,1
hattı,1
uğurlandı,1
haet,1
durdurak,1
rekorlara,1
koşuyor,1
başını,1
trendindeki,1
yenilendi,1
durumları,1
etkileniyor,1
madenin,1
zorlayacaktır,1
eur,1
deri,1
geçmez,1
altından,1
şaşmam,1
geciken,1
atlarında,1
kiralarında,1
hızında,1
gerileme,1
kiralamaların,1
düşünmüyoruz,1
yavaşladı,1
yılki,1
artışlara,1
anormal,1
gittikçe,1
herhal,1
istinaden,1
meselesi,1
gayrimenkulün,1
daireye,1
çıkıyordu,1
varmadan,1
anki,1
ortalamada,1
rakamda,1
tavanının,1
kaldırılmasının,1
hızlanarak,1
seviyede,1
uygundur,1
dbil,1
şehirde,1
ağustostan,1
eylüle,1
basit,1
kaçağını,1
engellemeye,1
tedbirler,1
vermeyen,1
satıcıya,1
tekrarlanırsa,1
katlanarak,1
vermeyene,1
babamdan,1
alıyordu,1
uyguladığım,1
değişen,1
almıyordu,1
kendimiz,1
yayınlandığı,1
fişi,1
tüketicilerin,1
çoğunda,1
almıyorlar,1
öğlen,1
saatinden,1
alınmayan,1
fişler,1
alacaktır,1
onaylandı,1
çıkıyorlar,1
kapıdan,1
sabırsız,1
diyen,1
kendiniz,1
belgeyi,1
istemek,1
verilmeyen,1
idaresine,1
cezadan,1
kurtulacak,1
fişini,1
zoraki,1
zorundasınız,1
almazsanız,1
devletimizin,1
uymak,1
zorundayız,1
devletimize,1
vergimizi,1
devletimiz,1
kalsın,1
alınıp,1
alınmadığı,1
işletmenin,1
raporları,1
incelenecek,1
sayısıyla,1
belirlenecek,1
ihales,1
edil,1
sistemlerle,1
kesilmeme,1
eskide,1
müfettişler,1
geldikleri,1
detaylı,1
raporu,1
aldıkları,1
kesilmemiş,1
tespitini,1
ihlaline,1
ederse,1
tespitlerde,1
uygulamada,1
gerçeğe,1
dönüşür,1
mercek,1
yanıltıcı,1
aracına,1
saldırdı,1
bastı,1
soğudu,1
bollaştı,1
soğuduğu,1
yeşilliklerde,1
yeşillikler,1
düşükte,1
tezgahtaki,1
reyhan,1
marul,1
doa,1
nane,1
dere,1
otu,1
zahmet,1
alalım,1
sıcaklıkların,1
sebzeleri,1
karnabahar,1
birbirinden,1
renkli,1
damağa,1
yeşillik,1
seçiyorum,1
narı,1
faydası,1
portakal,1
portakalın,1
dolmalık,1
roka,1
maydanoz,1
sağ,1
arkada,1
cennet,1
hurmasında,1
muzlar,1
mevsimler,1
değişse,1
soğandaki,1
muyuz,1
verilerle,1
rakamlarında,1
ekimde,1
abiye,1
ümreye,1
şac,1
pantolon,1
kazık,1
kabanlar,1
lay,1
bayanlarda,1
kabanlarda,1
bot,1
fiyatta,1
bayan,1
botunda,1
erkekte,1
hakeri,1
tabandır,1
bunlarda,1
ayakkabıyı,1
alkolsüz,1
içecekler,1
geçişinin,1
ety,1
halkımızın,1
karnıbahar,1
prasa,1
mantar,1
mandarina,1
üzümde,1
sebzelerdeki,1
üzümün,1
narın,1
armutun,1
meyve,1
uçuk,1
düşmüyor,1
paramız,1
memleketinde,1
yiyoruz,1
kumru,1
şampiyonlarından,1
deydi,1
geçemeyecek,1
giderlerindeki,1
sınırlandırdığı,1
kartalla,1
üstelik,1
beklerken,1
karşısında,1
tepkili,1
tuzağına,1
düşmemek,1
uzmanın,1
tavsiyeler,1
seviyelerde,1
paraları,1
okullarda,1
okutabiliriz,1
edilip,1
mayısa,1
düğmeye,1
bastığı,1
ettiğimiz,1
yaklaşımını,1
denildiği,1
akıllara,1
velileri,1
kızdırdı,1
yöneticileri,1
öğrenci,1
okutmak,1
yönetmelikle,1
belirleniyor,1
fırsatını,1
kaçırma,1
korkusuyla,1
ödememi,1
uyar,1
içi,1
üretici,1
endekslerinin,1
ortalamalarını,1
toplayacağız,1
bölüp,1
ekleyeceğiz,1
hesaplamayı,1
edeceği,1
endeksin,1
birliğimiz,1
girebilirler,1
bakanlığını,1
beklemeden,1
edilenin,1
uygularken,1
bazıları,1
zamın,1
verinin,1
sorması,1
iklimin,1
yapabilecekleri,1
sınırlandırılmıştır,1
durdurmadı,1
kitaplara,1
kırtasiye,1
malzemelerine,1
yemekhane,1
uyguladılar,1
hizmetinin,1
kalemleri,1
değiller,1
çocuğumu,1
servisini,1
müdürlüklerine,1
başvurursa,1
yanlışını,1
düzeltecek,1
yini,1
rüzgarı,1
alacaklara,1
uyarısı,1
güçlendi,1
paralar,1
amerikadaki,1
sonuçları,1
sanıyorum,1
çekilmeler,1
abdde,1
seçimini,1
kazanması,1
önümüzü,1
göremediğimiz,1
ortadan,1
kalktıktan,1
yedi,1
riskli,1
varlıklara,1
gramı,1
tdi,1
amerikan,1
kazanmasının,1
kapalıçarşıda,1
piyasadan,1
yaratacaktır,1
zirveden,1
alabilecekleri,1
soluksuz,1
düzeltmesini,1
satışını,1
seyri,1
aranın,1
bitcoin,1
tazeledi,1
kullarında,1
beklemiyorum,1
seçimleriyle,1
kararıyla,1
hakimdi,1
fed,1
bas,1
hissedildi,1
kararının,1
araçlarına,1
seyir,1
izlerken,1
bitcoinde,1
yükselmişti,1
ettirmiyor,1
düşünürsen,1
edersin,1
düşündüğün,1
neydi,1
kaybettirmek,1
piyasasındaki,1
yatırımcılar,1
istiyordu,1
nihayet,1
yatırımcılara,1
tavsiyede,1
bulunuyor,1
seviyeler,1
düşüşünü,1
bugünleri,1
görmeli,1
güncelledi,1
beklentisini,1
programa,1
eğilimi,1
öngördüğümüz,1
iyileşiyor,1
yükseltti,1
tahminlerimizi,1
güncelledik,1
raporunu,1
politikasına,1
edeceklerini,1
gerileyecek,1
hed,1
iyoruz,1
ayırdı,1
yavaşladığını,1
sözleşmelerinde,1
kullanılan,1
referans,1
oranlarının,1
yavaşlayacak,1
projelerini,1
inşaatına,1
körfezi,1
çeken,1
gelirliler,1
öder,1
toki,1
inşaatlarına,1
kampanyamızda,1
konutumun,1
inşasına,1
tokin,1
açıkladığı,1
ihale,1
takvimine,1
inşaatlarımız,1
tamamlayacağız,1
çevre,1
şehircilik,1
iklim,1
bütçesini,1
sundu,1
projesinin,1
başlatılacağını,1
küllerinden,1
doğan,1
şantiye,1
alanı,1
sevilen,1
palamudun,1
zamanı,1
yağlandıktan,1
alınmış,1
hamsiden,1
vazgeçmiyoruz,1
çocuklarımız,1
hams,1
yersiniz,1
soğumasıyla,1
çeşitlendi,1
gelin,1
soyunca,1
karan,1
çop,1
kaçmaya,1
tezat,1
somon,1
isit,1
çine,1
kop,1
irileşti,1
yağlandı,1
diyeceğiz,1
gördüğün,1
teca,1
azalmaya,1
bollaşması,1
soğuması,1
yiyor,1
hsi,1
güncel,1
bedava,1
gelmeye,1
ediyormuşuz,1
günlermiş,1
haftaları,1
bugünlerde,1
birbirine,1
soruyor,1
uzmanından,1
haftadır,1
kaybediyor,1
haftasına,1
savaşların,1
bitmesi,1
savaşları,1
bitirirse,1
gerilim,1
ortadoğuda,1
kafkaslarda,1
bakarsa,1
sarkmalar,1
kırılıyordu,1
seviyelerinin,1
ols,1
eridi,1
tükçe,1
indi,1
fiyatlaması,1
erimeye,1
sarkmış,1
sürenin,1
fırsatlar,1
bulunmaz,1
gerilemesi,1
alınabilecek,1
seviye,1
aşağısına,1
sarktı,1
dolarsa,1
gözünü,1
yukarıya,1
dikti,1
yükselişine,1
içeride,1
seyrini,1
koruyor,1
yaramadı,1
yerden,1
geçildi,1
ilanları,1
satıyorlar,1
atıyorlar,1
kardeşi,1
bilmem,1
bahaneleri,1
çıkarmak,1
pazarlıkları,1
davalar,1
arabulucular,1
kolayını,1
yollar,1
deniyor,1
evinizi,1
değiştirebilir,1
imkan,1
kızım,1
arar,1
vicdansızlık,1
iye,1
yıllığına,1
kiralanıyor,1
bittiğinde,1
kiracıdan,1
boşaltması,1
isteniyor,1
kiranız,1
oturdunuz,1
dese,1
çıkın,1
çıkarız,1
artır,1
kiracını,1
düşün,1
sabrediyor,1
kavga,1
haberlerine,1
şaşırıyorsunuz,1
şaşıracak,1
şaşırmıyorum,1
ekonomiyle,1
kaynaklı,1
olay,1
muhabbet,1
sizce,1
ilanlar,1
koşullara,1
ilanlarına,1
ibareleri,1
eklendi,1
garantiye,1
amam,1
nakliyesi,1
derken,1
veremez,1
vermelidir,1
haftanın,1
kayanlar,1
ayını,1
iniyor,1
sular,1
durulmuyor,1
gerilimler,1
belirsizlikler,1
etmekte,1
faktörler,1
rekora,1
yaşanmıştı,1
liray,1
toparlanma,1
gramında,1
denge,1
arayışını,1
sürdürüyor,1
sakinlik,1
kuruna,1
yansımadı,1
kalmaya,1
kurullarında,1
edeceğine,1
bandını,1
paritesi,1
söyleyebilirim,1
tamamlarız,1
güldürme,1
hazırlığını,1
kuzey,1
stokların,1
ihtiyaçlarını,1
düzeyde,1
durumun,1
belirtildi,1
bölgelere,1
sayısındaki,1
marketleri,1
hangisi,1
ucuzsa,1
kuze,1
karkasa,1
gerdan,1
pirzola,1
uçtu,1
etlerin,1
aşılmıyor,1
atışta,1
gözlemleme,1
kasaplar,1
dönemsel,1
önceye,1
istemiyorlar,1
görmüyorum,1
devamlı,1
zamlanmış,1
danada,1
harçı,1
rulo,1
kaburga,1
antrikotun,1
kuş,1
başımız,1
gulaş,1
etinden,1
ken,1
oynama,1
dananın,1
ledir,1
kemikli,1
kemik,1
koyuyorlar,1
alacağımız,1
kaça,1
artacağı,1
yönündeki,1
iddialara,1
itibar,1
edilmemesini,1
tarzının,1
edileceği,1
sahtekarları,1
dur,1
durak,1
raporda,1
eğilimindeki,1
işlenmiş,1
koşullarına,1
seyrettiği,1
risklere,1
ihtiyatlı,1
duruşunu,1
bozulma,1
öngörülmesi,1
kısmi,1
sırayı,1
evl,1
esenyurtta,1
bedelleri,1
üçtü,1
yaşanmayacak,1
okuyorum,1
yaşamam,1
ücretlerinin,1
ödendiği,1
kadıköyde,1
metrekare,1
bedeli,1
kimsey,1
oturan,1
oranda,1
kadıköyü,1
sarıyer,1
ortalaması,1
değişkenlik,1
gösterebiliyor,1
bulunmuş,1
beşiktaş,1
üçe,1
askeri,1
asla,1
olacağım,1
olduktan,1
maaşım,1
bedeliyle,1
esenyurt,1
bölgelerin,1
binaların,1
dışarı,1
şehirlere,1
göç,1
boşaltılıyor,1
boşalmış,1
taşınmışlar,1
artışındaki,1
nedenlerinden,1
dairelerin,1
azdı,1
evlerini,1
tutmayı,1
ediyorlardı,1
insafına,1
olası,1
uzağa,1
kabinesi,1
toplı,1
arkadaşımız,1
kömürcü,1
mustafaya,1
dönelim,1
kritik,1
başlıklar,1
görüşülecek,1
paylaşacaksın,1
bırakıyoruz,1
tümer,1
buçuk,1
bıraktık,1
çalışanın,1
kom,1
toplanacak,1
rakamlara,1
belirli,1
aralığın,1
şimşekten,1
enine,1
boyuna,1
toplantının,1
listesine,1
sıradan,1
listeye,1
seçilmiş,1
bağlıyorsunuz,1
olduğundan,1
istemez,1
turistlerin,1
hın,1
değişebiliyor,1
uluslararası,1
firmasının,1
araştırmaya,1
kiralı,1
dükkanlarıyla,1
italyanın,1
milano,1
kentindeki,1
monte,1
napola,1
new,1
york,1
londra,1
hong,1
kong,1
istikal,1
önlü,1
dünyaca,1
konum,1
işlek,1
cap,1
noktalarından,1
dükkanların,1
büyüklüğü,1
konumu,1
özellikleri,1
kiralarını,1
etkileyebiliyor,1
karşılayamadığı,1
kapanıyor,1
bedellerinden,1
sigorta,1
yom,1
yeler,1
ürünü,1
dışarıdan,1
alınıyordu,1
vatandaşlarının,1
sayısının,1
etkendir,1
arttıkça,1
haberde,1
mti,1
israilden,1
ateşkes,1
elim,1
azalma,1
euroda,1
kalırken,1
gerilemeye,1
saatlerinde,1
araçlarından,1
birisi,1
etmişizdir,1
biriyimdir,1
günlerimiz,1
ardaki,1
tyi,1
limanında,1
kollayan,1
bulundurması,1
bilemiyorum,1
ilerisi,1
faydalı,1
araçtır,1
